intern_id,cgpa,attendance_pct,tasks_completed,deadline_adherence,communication_score,teamwork_rating,initiative_score,adaptability_score,mentor_rating,backlogs,certifications_count,bugs_or_errors,age,gender,department,college_tier,internship_exp_months,overtime_hours,performance_score,performance_label
INT0697,6.49,63.0,7.0,50.8,1.0,3.0,4.0,2.0,2.0,2.0,2.0,8.0,24.0,Female,Finance,Tier 2,6.0,7.0,57.37,Low
INT0668,5.92,49.8,16.0,47.5,5.0,3.0,7.0,2.0,3.0,1.0,3.0,12.0,24.0,Female,Finance,Tier 2,11.0,29.0,72.35,Low
INT0064,8.58,90.5,35.0,70.2,10.0,7.0,8.0,10.0,7.0,0.0,3.0,3.0,27.0,Female,HR,Tier 3,2.0,30.0,132.74,High
INT0534,5.78,41.5,12.0,42.0,6.0,1.0,4.0,5.0,3.0,1.0,1.0,8.0,22.0,Female,HR,Tier 3,6.0,14.0,61.15,Low
INT0067,7.27,85.5,35.0,84.2,7.0,8.0,8.0,9.0,10.0,0.0,6.0,0.0,25.0,Female,Engineering,Tier 3,2.0,12.0,136.75,High
INT0622,6.63,43.2,4.0,59.3,1.0,2.0,3.0,1.0,3.0,2.0,3.0,12.0,23.0,Male,Finance,Tier 3,8.0,2.0,53.16,Low
INT0347,7.09,73.1,25.0,70.0,8.0,6.0,6.0,5.0,6.0,1.0,2.0,6.0,21.0,Male,Data Science,Tier 3,1.0,16.0,103.82,Medium
INT0491,6.82,68.2,20.0,74.0,8.0,6.0,5.0,7.0,7.0,1.0,2.0,8.0,20.0,Male,Marketing,Tier 3,8.0,0.0,99.51,Medium
INT0761,5.58,64.1,8.0,47.1,2.0,7.0,4.0,5.0,5.0,3.0,1.0,14.0,23.0,Female,Data Science,Tier 2,1.0,10.0,58.96,Low
INT0457,6.87,78.2,19.0,62.9,7.0,5.0,7.0,8.0,6.0,1.0,3.0,6.0,22.0,Female,Marketing,Tier 3,4.0,14.0,99.39,Medium
INT0066,8.99,85.1,26.0,91.4,7.0,9.0,7.0,8.0,8.0,1.0,5.0,1.0,24.0,Male,Data Science,Tier 3,3.0,22.0,131.4,High
INT0287,7.44,70.5,21.0,70.0,5.0,5.0,5.0,7.0,7.0,1.0,5.0,7.0,24.0,Male,Engineering,Tier 2,9.0,6.0,99.84,Medium
INT0636,7.27,74.4,6.0,31.6,4.0,3.0,4.0,2.0,1.0,1.0,2.0,13.0,19.0,Male,Marketing,Tier 3,6.0,27.0,60.86,Low
INT0068,9.56,82.7,28.0,97.5,6.0,10.0,10.0,9.0,7.0,0.0,8.0,2.0,20.0,Male,Finance,Tier 3,12.0,14.0,144.15,High
INT0328,6.73,70.3,25.0,63.4,5.0,6.0,7.0,8.0,6.0,1.0,4.0,9.0,19.0,Female,HR,Tier 1,10.0,23.0,98.45,Medium
INT0396,7.64,77.8,21.0,70.7,6.0,6.0,8.0,5.0,5.0,0.0,3.0,9.0,23.0,Female,Data Science,Tier 1,12.0,0.0,105.97,Medium
INT0245,7.83,86.1,35.0,90.7,7.0,10.0,9.0,10.0,10.0,1.0,5.0,4.0,20.0,Female,Marketing,Tier 2,3.0,7.0,138.57,High
INT0378,6.6,68.7,17.0,66.2,7.0,8.0,8.0,5.0,5.0,2.0,2.0,9.0,19.0,Male,Finance,Tier 2,8.0,29.0,94.44,Medium
INT0611,6.22,64.6,9.0,41.5,5.0,1.0,4.0,3.0,3.0,0.0,1.0,6.0,26.0,Female,Finance,Tier 2,0.0,14.0,67.27,Low
INT0527,6.72,74.7,17.0,75.3,7.0,6.0,8.0,8.0,6.0,1.0,3.0,4.0,27.0,Male,Data Science,Tier 1,1.0,7.0,103.75,Medium
INT0659,6.29,60.7,6.0,43.2,6.0,1.0,1.0,3.0,3.0,2.0,0.0,6.0,23.0,Female,Finance,Tier 2,5.0,27.0,54.91,Low
INT0530,6.88,73.4,22.0,81.3,6.0,8.0,7.0,5.0,6.0,0.0,2.0,3.0,24.0,Male,Engineering,Tier 1,11.0,22.0,109.49,Medium
INT0623,5.87,62.1,5.0,56.5,2.0,2.0,2.0,3.0,3.0,1.0,0.0,11.0,20.0,Female,Finance,Tier 2,9.0,24.0,53.09,Low
INT0722,7.27,74.4,8.0,33.1,2.0,4.0,3.0,2.0,1.0,2.0,1.0,11.0,22.0,Male,Marketing,Tier 3,6.0,3.0,55.56,Low
INT0361,7.51,74.4,21.0,60.3,5.0,6.0,5.0,5.0,6.0,0.0,3.0,7.0,24.0,Female,Marketing,Tier 1,11.0,18.0,98.96,Medium
INT0031,9.14,84.5,30.0,97.2,9.0,8.0,7.0,10.0,8.0,0.0,7.0,1.0,24.0,Female,HR,Tier 2,9.0,11.0,141.88,High
INT0261,9.15,91.1,38.0,70.2,9.0,10.0,10.0,9.0,10.0,0.0,8.0,3.0,20.0,Female,Finance,Tier 3,12.0,5.0,153.31,High
INT0638,6.66,60.3,6.0,51.3,1.0,5.0,2.0,2.0,1.0,2.0,2.0,11.0,26.0,Male,Engineering,Tier 2,9.0,28.0,52.55,Low
INT0747,5.62,47.1,14.0,48.7,1.0,2.0,4.0,4.0,6.0,2.0,1.0,15.0,26.0,Female,Engineering,Tier 2,0.0,24.0,56.89,Low
INT0571,6.7,44.2,11.0,51.7,4.0,2.0,2.0,1.0,1.0,1.0,2.0,11.0,19.0,Other,Finance,Tier 3,6.0,15.0,56.77,Low
INT0216,8.32,74.4,31.0,70.2,7.0,10.0,8.0,9.0,10.0,0.0,8.0,4.0,20.0,Male,HR,Tier 1,10.0,18.0,136.88,High
INT0079,8.59,82.7,29.0,91.5,7.0,7.0,9.0,9.0,6.0,0.0,7.0,0.0,25.0,Male,Engineering,Tier 2,1.0,22.0,133.67,High
INT0579,6.02,56.3,15.0,42.3,2.0,3.0,2.0,3.0,5.0,2.0,1.0,10.0,20.0,Female,Data Science,Tier 3,6.0,30.0,58.69,Low
INT0384,7.27,81.1,17.0,60.9,8.0,5.0,6.0,7.0,8.0,0.0,4.0,3.0,23.0,Male,Data Science,Tier 1,4.0,30.0,109.22,Medium
INT0040,8.77,96.1,39.0,91.9,9.0,8.0,10.0,8.0,9.0,0.0,5.0,1.0,23.0,Female,Finance,Tier 2,10.0,18.0,150.97,High
INT0024,8.61,74.4,26.0,92.6,10.0,10.0,9.0,7.0,10.0,0.0,8.0,3.0,19.0,Female,Engineering,Tier 3,6.0,27.0,146.82,High
INT0693,5.6,50.9,5.0,38.8,5.0,1.0,5.0,2.0,3.0,3.0,3.0,11.0,19.0,Male,Engineering,Tier 1,2.0,20.0,52.5,Low
INT0399,7.57,74.6,18.0,81.3,8.0,6.0,5.0,7.0,6.0,2.0,4.0,6.0,19.0,Male,Marketing,Tier 1,5.0,6.0,101.93,Medium
INT0797,7.27,74.4,21.0,53.5,2.0,4.0,3.0,3.0,2.0,3.0,0.0,9.0,21.0,Male,Finance,Tier 3,11.0,15.0,65.14,Low
INT0742,5.39,53.9,11.0,37.7,1.0,4.0,5.0,1.0,3.0,3.0,3.0,11.0,19.0,Female,Marketing,Tier 3,9.0,18.0,52.48,Low
INT0140,9.94,98.1,38.0,86.9,10.0,10.0,9.0,7.0,9.0,0.0,7.0,4.0,19.0,Female,Marketing,Tier 3,3.0,29.0,157.05,High
INT0251,8.45,86.5,40.0,83.3,6.0,8.0,9.0,10.0,10.0,0.0,5.0,1.0,26.0,Female,Marketing,Tier 2,10.0,15.0,142.74,High
INT0175,7.27,87.8,36.0,96.2,9.0,9.0,9.0,7.0,10.0,2.0,6.0,3.0,23.0,Female,Engineering,Tier 3,10.0,22.0,138.49,High
INT0324,7.27,66.6,15.0,70.0,8.0,7.0,7.0,8.0,8.0,2.0,1.0,8.0,21.0,Female,Data Science,Tier 1,12.0,27.0,100.57,Medium
INT0596,6.67,63.4,8.0,46.4,2.0,4.0,5.0,2.0,1.0,2.0,2.0,8.0,20.0,Female,Marketing,Tier 1,8.0,19.0,60.27,Low
INT0526,6.88,80.3,19.0,63.1,7.0,7.0,7.0,7.0,6.0,1.0,5.0,8.0,22.0,Female,Marketing,Tier 3,10.0,2.0,103.19,Medium
INT0424,7.25,71.3,26.0,76.8,6.0,7.0,7.0,7.0,5.0,0.0,3.0,4.0,20.0,Female,Data Science,Tier 2,9.0,26.0,109.06,Medium
INT0597,6.26,43.3,11.0,53.0,3.0,3.0,2.0,2.0,4.0,2.0,1.0,11.0,21.0,Female,Finance,Tier 2,8.0,10.0,56.84,Low
INT0605,6.71,43.2,21.0,38.0,5.0,4.0,3.0,1.0,4.0,1.0,2.0,7.0,25.0,Male,Data Science,Tier 1,4.0,1.0,72.62,Low
INT0535,5.35,45.6,13.0,61.3,5.0,2.0,1.0,2.0,5.0,2.0,1.0,12.0,21.0,Female,Finance,Tier 3,10.0,16.0,57.7,Low
INT0266,9.43,92.2,40.0,89.3,8.0,7.0,9.0,9.0,8.0,0.0,5.0,1.0,21.0,Female,HR,Tier 3,5.0,9.0,146.51,High
INT0110,7.97,87.8,38.0,93.5,10.0,9.0,8.0,7.0,7.0,0.0,8.0,3.0,24.0,Female,Engineering,Tier 1,5.0,19.0,143.45,High
INT0667,5.6,60.9,8.0,51.1,4.0,3.0,5.0,1.0,1.0,0.0,1.0,9.0,23.0,Female,Engineering,Tier 2,11.0,3.0,62.85,Low
INT0295,7.27,74.0,23.0,68.5,8.0,7.0,5.0,8.0,7.0,0.0,2.0,4.0,24.0,Female,Marketing,Tier 1,4.0,10.0,108.78,Medium
INT0337,6.79,70.4,26.0,77.3,5.0,5.0,5.0,7.0,8.0,1.0,1.0,6.0,20.0,Male,Data Science,Tier 1,7.0,20.0,99.68,Medium
INT0369,8.08,80.9,20.0,72.6,8.0,7.0,5.0,6.0,5.0,2.0,4.0,6.0,21.0,Male,Data Science,Tier 2,3.0,27.0,103.38,Medium
INT0447,7.35,82.0,15.0,67.0,6.0,7.0,8.0,8.0,6.0,0.0,1.0,6.0,25.0,Male,Finance,Tier 2,5.0,13.0,104.4,Medium
INT0334,7.47,77.6,17.0,80.5,6.0,6.0,7.0,5.0,5.0,2.0,4.0,5.0,23.0,Female,Data Science,Tier 1,12.0,20.0,100.42,Medium
INT0199,9.75,85.0,38.0,91.7,8.0,9.0,9.0,7.0,10.0,0.0,3.0,3.0,27.0,Female,Finance,Tier 1,9.0,15.0,149.59,High
INT0169,7.27,91.6,21.0,70.2,6.0,10.0,7.0,9.0,7.0,0.0,4.0,3.0,19.0,Female,Finance,Tier 3,6.0,25.0,117.46,Medium
INT0482,6.94,71.7,15.0,76.7,8.0,7.0,8.0,6.0,5.0,1.0,5.0,9.0,24.0,Female,Data Science,Tier 3,6.0,30.0,103.66,Medium
INT0724,5.03,62.3,6.0,45.3,6.0,4.0,5.0,4.0,4.0,1.0,1.0,6.0,20.0,Male,Data Science,Tier 1,0.0,1.0,67.33,Low
INT0656,6.08,48.7,5.0,39.4,4.0,2.0,2.0,5.0,5.0,0.0,0.0,14.0,19.0,Female,Marketing,Tier 2,6.0,22.0,57.0,Low
INT0307,7.0,82.8,27.0,79.9,6.0,5.0,8.0,7.0,6.0,0.0,3.0,7.0,21.0,Male,Engineering,Tier 2,3.0,15.0,110.8,Medium
INT0232,7.27,95.4,29.0,92.7,8.0,10.0,9.0,8.0,8.0,3.0,6.0,6.0,19.0,Female,Engineering,Tier 1,10.0,20.0,126.63,High
INT0423,8.14,75.9,18.0,71.6,8.0,5.0,7.0,5.0,6.0,0.0,2.0,7.0,24.0,Female,HR,Tier 1,6.0,1.0,108.36,Medium
INT0050,8.21,99.6,36.0,88.8,8.0,7.0,8.0,9.0,8.0,0.0,8.0,1.0,25.0,Female,Engineering,Tier 2,1.0,2.0,141.84,High
INT0788,5.51,54.8,5.0,37.3,4.0,5.0,7.0,5.0,2.0,3.0,0.0,7.0,20.0,Male,Engineering,Tier 2,7.0,10.0,56.32,Low
INT0358,6.86,74.4,26.0,65.3,7.0,8.0,5.0,5.0,5.0,0.0,1.0,3.0,22.0,Male,Data Science,Tier 1,9.0,14.0,103.26,Medium
INT0087,9.41,96.5,27.0,85.1,6.0,9.0,9.0,7.0,7.0,0.0,8.0,1.0,25.0,Female,Finance,Tier 1,8.0,21.0,140.13,High
INT0546,5.1,54.5,12.0,70.2,3.0,4.0,5.0,4.0,4.0,2.0,1.0,6.0,21.0,Male,HR,Tier 3,5.0,20.0,66.91,Low
INT0193,7.27,92.3,40.0,96.2,7.0,7.0,7.0,10.0,10.0,0.0,8.0,2.0,19.0,Female,Finance,Tier 3,4.0,5.0,140.66,High
INT0796,6.5,48.0,16.0,39.1,4.0,2.0,3.0,5.0,4.0,0.0,3.0,9.0,22.0,Female,Engineering,Tier 1,11.0,27.0,69.32,Low
INT0034,7.27,92.6,36.0,84.0,10.0,8.0,7.0,7.0,9.0,0.0,7.0,2.0,20.0,Male,Engineering,Tier 2,5.0,15.0,138.97,High
INT0032,8.18,82.3,38.0,98.5,6.0,9.0,8.0,9.0,9.0,0.0,8.0,1.0,23.0,Male,Engineering,Tier 3,2.0,3.0,143.47,High
INT0200,9.52,96.7,37.0,93.3,8.0,9.0,8.0,7.0,9.0,1.0,3.0,3.0,23.0,Female,Engineering,Tier 3,11.0,18.0,143.44,High
INT0366,8.11,68.8,19.0,61.3,6.0,8.0,7.0,6.0,5.0,0.0,2.0,5.0,20.0,Female,Engineering,Tier 2,11.0,29.0,105.22,Medium
INT0487,7.54,69.2,27.0,70.2,6.0,6.0,8.0,8.0,7.0,1.0,5.0,3.0,20.0,Female,Finance,Tier 2,6.0,30.0,113.18,Medium
INT0595,5.65,42.2,13.0,56.3,4.0,4.0,4.0,1.0,6.0,1.0,2.0,7.0,20.0,Female,Engineering,Tier 1,4.0,12.0,72.19,Low
INT0569,5.35,61.9,5.0,70.2,2.0,5.0,2.0,5.0,3.0,1.0,0.0,12.0,25.0,Male,HR,Tier 3,10.0,25.0,56.83,Low
INT0429,8.02,72.4,16.0,76.2,8.0,8.0,5.0,7.0,8.0,0.0,5.0,9.0,20.0,Female,Finance,Tier 2,6.0,3.0,113.28,Medium
INT0138,9.35,87.1,37.0,83.3,8.0,9.0,10.0,7.0,7.0,0.0,4.0,6.0,20.0,Female,Marketing,Tier 2,2.0,11.0,141.43,High
INT0073,7.81,84.2,31.0,85.3,9.0,8.0,7.0,8.0,10.0,0.0,4.0,4.0,20.0,Male,Engineering,Tier 2,8.0,13.0,134.13,High
INT0078,7.96,94.4,28.0,88.7,9.0,7.0,7.0,10.0,7.0,0.0,5.0,3.0,20.0,Male,Finance,Tier 2,12.0,15.0,129.74,High
INT0513,6.59,71.5,15.0,71.9,8.0,8.0,5.0,8.0,8.0,2.0,1.0,6.0,23.0,Female,Finance,Tier 3,9.0,12.0,97.56,Medium
INT0784,7.27,43.1,5.0,49.8,5.0,2.0,3.0,2.0,3.0,2.0,3.0,6.0,27.0,Female,Engineering,Tier 1,3.0,21.0,63.31,Low
INT0787,6.2,54.9,9.0,52.9,3.0,5.0,1.0,2.0,2.0,3.0,1.0,12.0,27.0,Male,Data Science,Tier 1,6.0,15.0,50.41,Low
INT0276,7.43,83.3,24.0,79.3,6.0,7.0,6.0,6.0,5.0,0.0,1.0,8.0,21.0,Male,Data Science,Tier 2,11.0,12.0,105.27,Medium
INT0362,7.9,73.6,25.0,60.4,5.0,7.0,8.0,6.0,6.0,0.0,3.0,8.0,22.0,Female,Finance,Tier 1,9.0,15.0,108.52,Medium
INT0097,8.95,82.7,40.0,96.6,6.0,9.0,7.0,7.0,8.0,0.0,4.0,4.0,25.0,Female,HR,Tier 1,0.0,19.0,137.93,High
INT0642,6.66,57.7,15.0,43.3,1.0,1.0,3.0,7.0,1.0,2.0,1.0,14.0,26.0,Male,Marketing,Tier 2,3.0,6.0,49.55,Low
INT0716,6.67,41.9,13.0,58.0,3.0,5.0,5.0,4.0,2.0,2.0,2.0,10.0,27.0,Male,Finance,Tier 3,4.0,5.0,65.56,Low
INT0282,8.08,79.5,16.0,67.7,8.0,8.0,6.0,5.0,7.0,0.0,3.0,5.0,25.0,Male,Marketing,Tier 2,8.0,8.0,112.68,Medium
INT0394,7.1,83.9,24.0,64.2,6.0,7.0,5.0,5.0,6.0,2.0,4.0,6.0,25.0,Male,Data Science,Tier 2,2.0,25.0,99.23,Medium
INT0629,5.03,46.8,9.0,40.7,3.0,1.0,3.0,3.0,1.0,0.0,1.0,14.0,24.0,Female,Engineering,Tier 3,4.0,20.0,46.88,Low
INT0609,5.64,51.0,13.0,38.7,1.0,4.0,5.0,7.0,5.0,1.0,1.0,10.0,23.0,Male,Data Science,Tier 3,9.0,10.0,62.75,Low
INT0706,6.42,51.3,10.0,54.9,6.0,1.0,2.0,4.0,1.0,2.0,0.0,13.0,20.0,Female,Marketing,Tier 3,7.0,25.0,52.66,Low
INT0755,5.56,54.8,8.0,46.2,3.0,2.0,2.0,4.0,3.0,2.0,2.0,12.0,24.0,Female,Marketing,Tier 1,5.0,10.0,50.2,Low
INT0055,9.12,83.4,31.0,93.1,9.0,9.0,8.0,8.0,6.0,0.0,8.0,4.0,26.0,Male,HR,Tier 3,1.0,17.0,139.81,High
INT0751,6.1,59.0,21.0,60.1,2.0,5.0,2.0,4.0,1.0,0.0,0.0,9.0,27.0,Female,Finance,Tier 2,2.0,6.0,65.87,Low
INT0156,8.33,87.0,38.0,95.6,9.0,7.0,7.0,9.0,8.0,1.0,7.0,3.0,24.0,Female,Data Science,Tier 3,6.0,4.0,137.49,High
INT0433,7.02,66.7,18.0,70.2,5.0,6.0,6.0,7.0,5.0,1.0,2.0,8.0,20.0,Male,Engineering,Tier 2,8.0,21.0,91.62,Medium
INT0098,8.74,86.5,34.0,95.8,7.0,10.0,9.0,8.0,8.0,0.0,6.0,1.0,23.0,Female,Marketing,Tier 2,11.0,20.0,144.3,High
INT0121,9.58,92.6,30.0,82.3,6.0,8.0,10.0,9.0,9.0,0.0,6.0,4.0,24.0,Male,Finance,Tier 1,11.0,20.0,142.27,High
INT0077,9.5,74.4,34.0,96.7,8.0,7.0,9.0,10.0,9.0,0.0,8.0,1.0,22.0,Male,HR,Tier 3,8.0,6.0,147.6,High
INT0205,7.27,89.1,36.0,85.8,8.0,9.0,7.0,7.0,8.0,0.0,8.0,0.0,19.0,Male,Finance,Tier 1,10.0,11.0,137.0,High
INT0353,7.42,67.3,25.0,69.6,8.0,7.0,5.0,5.0,5.0,1.0,4.0,8.0,21.0,Female,Engineering,Tier 3,6.0,25.0,102.59,Medium
INT0765,5.96,52.9,8.0,35.1,5.0,2.0,5.0,5.0,1.0,1.0,2.0,8.0,24.0,Male,HR,Tier 3,0.0,15.0,58.69,Low
INT0209,7.81,90.3,33.0,84.8,7.0,10.0,8.0,9.0,10.0,0.0,5.0,3.0,26.0,Female,Engineering,Tier 3,8.0,14.0,138.65,High
INT0368,7.18,72.3,21.0,79.2,6.0,6.0,5.0,8.0,7.0,0.0,5.0,4.0,19.0,Male,Marketing,Tier 2,0.0,10.0,108.11,Medium
INT0426,7.93,74.6,20.0,80.2,7.0,7.0,8.0,8.0,6.0,0.0,1.0,6.0,21.0,Female,HR,Tier 2,11.0,8.0,112.25,Medium
INT0516,7.27,77.7,21.0,78.9,7.0,6.0,7.0,8.0,6.0,1.0,3.0,4.0,27.0,Female,Marketing,Tier 1,6.0,16.0,107.31,Medium
INT0085,8.48,74.4,28.0,70.2,10.0,9.0,9.0,7.0,9.0,0.0,6.0,0.0,23.0,Male,HR,Tier 2,9.0,4.0,139.12,High
INT0011,7.85,86.1,39.0,88.8,8.0,10.0,8.0,9.0,9.0,0.0,4.0,0.0,27.0,Female,Engineering,Tier 1,7.0,19.0,141.98,High
INT0721,5.37,66.0,9.0,43.4,2.0,4.0,3.0,5.0,6.0,2.0,3.0,10.0,23.0,Male,Finance,Tier 1,0.0,9.0,61.76,Low
INT0111,8.44,85.8,34.0,86.6,9.0,7.0,9.0,9.0,9.0,0.0,8.0,4.0,20.0,Male,Marketing,Tier 3,6.0,13.0,143.05,High
INT0522,6.81,76.8,15.0,76.8,6.0,6.0,7.0,6.0,8.0,1.0,1.0,4.0,23.0,Female,Data Science,Tier 2,10.0,27.0,102.42,Medium
INT0778,6.16,45.4,10.0,34.1,4.0,4.0,2.0,5.0,1.0,2.0,0.0,13.0,23.0,Male,Engineering,Tier 2,4.0,6.0,47.17,Low
INT0210,8.15,87.4,40.0,86.0,9.0,10.0,7.0,9.0,8.0,0.0,4.0,6.0,19.0,Male,Engineering,Tier 2,8.0,18.0,138.01,High
INT0236,9.39,97.8,36.0,97.3,6.0,9.0,9.0,10.0,9.0,1.0,6.0,1.0,23.0,Female,Data Science,Tier 2,8.0,28.0,146.19,High
INT0317,6.95,79.8,26.0,70.2,5.0,8.0,7.0,7.0,5.0,2.0,2.0,4.0,21.0,Female,Data Science,Tier 3,6.0,2.0,100.51,Medium
INT0389,7.75,67.2,24.0,66.1,6.0,7.0,5.0,5.0,6.0,2.0,5.0,6.0,24.0,Male,Finance,Tier 2,0.0,15.0,100.7,Medium
INT0119,9.76,83.6,33.0,90.0,6.0,7.0,8.0,8.0,9.0,0.0,4.0,3.0,23.0,Female,Data Science,Tier 3,9.0,8.0,138.38,High
INT0720,6.34,64.7,14.0,53.1,4.0,5.0,4.0,1.0,1.0,3.0,2.0,9.0,23.0,Other,HR,Tier 3,8.0,10.0,62.39,Low
INT0211,7.27,95.5,27.0,99.2,9.0,7.0,7.0,9.0,8.0,0.0,3.0,4.0,27.0,Female,HR,Tier 2,6.0,19.0,128.25,High
INT0255,8.17,92.5,36.0,70.2,9.0,9.0,7.0,10.0,6.0,0.0,5.0,0.0,23.0,Female,Finance,Tier 1,6.0,20.0,132.5,High
INT0592,6.53,54.4,4.0,59.3,6.0,3.0,4.0,5.0,1.0,3.0,3.0,6.0,24.0,Female,Data Science,Tier 2,6.0,25.0,60.94,Low
INT0030,7.9,85.8,35.0,99.1,9.0,10.0,8.0,9.0,9.0,0.0,3.0,0.0,25.0,Female,Engineering,Tier 2,9.0,19.0,142.69,High
INT0267,7.28,65.0,17.0,68.3,6.0,7.0,7.0,5.0,8.0,1.0,3.0,6.0,26.0,Female,Marketing,Tier 3,8.0,13.0,104.03,Medium
INT0657,6.69,74.4,11.0,54.2,5.0,4.0,5.0,4.0,5.0,1.0,0.0,13.0,23.0,Female,Engineering,Tier 2,7.0,28.0,76.06,Low
INT0663,6.46,74.4,4.0,58.8,4.0,4.0,4.0,1.0,1.0,3.0,2.0,13.0,22.0,Female,Data Science,Tier 2,2.0,11.0,57.26,Low
INT0297,6.57,71.8,21.0,78.4,6.0,6.0,8.0,8.0,7.0,0.0,2.0,7.0,24.0,Male,HR,Tier 1,3.0,2.0,106.33,Medium
INT0082,7.27,83.5,38.0,93.5,7.0,8.0,7.0,9.0,10.0,0.0,5.0,1.0,21.0,Female,HR,Tier 2,5.0,10.0,136.5,High
INT0689,6.16,41.9,15.0,42.5,4.0,3.0,1.0,2.0,3.0,2.0,3.0,8.0,21.0,Male,Finance,Tier 1,0.0,18.0,57.32,Low
INT0303,7.9,71.4,15.0,73.3,6.0,7.0,5.0,6.0,6.0,0.0,4.0,5.0,24.0,Male,Engineering,Tier 3,4.0,15.0,104.37,Medium
INT0507,6.9,74.4,15.0,62.4,5.0,5.0,7.0,8.0,6.0,2.0,3.0,3.0,26.0,Female,Finance,Tier 2,5.0,13.0,92.34,Medium
INT0759,6.21,48.7,5.0,58.0,5.0,4.0,5.0,3.0,4.0,3.0,2.0,7.0,19.0,Male,Data Science,Tier 2,4.0,9.0,65.04,Low
INT0315,7.39,79.7,16.0,68.8,6.0,7.0,7.0,7.0,7.0,0.0,5.0,6.0,23.0,Male,Marketing,Tier 1,11.0,18.0,109.28,Medium
INT0645,6.28,46.5,5.0,45.0,2.0,5.0,1.0,5.0,2.0,2.0,1.0,9.0,25.0,Other,Marketing,Tier 2,10.0,15.0,48.89,Low
INT0410,7.98,66.2,27.0,62.5,8.0,7.0,7.0,5.0,6.0,2.0,3.0,6.0,25.0,Female,Marketing,Tier 1,10.0,7.0,106.85,Medium
INT0212,9.32,91.0,21.0,92.3,8.0,7.0,8.0,8.0,9.0,0.0,4.0,1.0,27.0,Male,Engineering,Tier 2,11.0,28.0,136.19,High
INT0533,6.4,62.3,12.0,41.8,5.0,4.0,2.0,4.0,4.0,1.0,1.0,13.0,23.0,Female,Engineering,Tier 2,5.0,27.0,64.7,Low
INT0484,6.83,72.4,17.0,77.8,5.0,6.0,8.0,5.0,6.0,0.0,2.0,3.0,25.0,Female,Engineering,Tier 2,2.0,17.0,103.84,Medium
INT0219,9.23,84.1,32.0,98.2,9.0,9.0,10.0,10.0,7.0,1.0,4.0,1.0,19.0,Male,Marketing,Tier 2,9.0,12.0,141.97,High
INT0008,9.71,84.3,38.0,97.8,8.0,7.0,7.0,8.0,10.0,0.0,8.0,0.0,21.0,Male,Finance,Tier 2,6.0,11.0,151.05,High
INT0465,7.27,79.8,15.0,62.2,7.0,7.0,6.0,8.0,6.0,1.0,3.0,6.0,20.0,Male,Data Science,Tier 1,3.0,20.0,99.69,Medium
INT0102,9.2,74.4,30.0,86.2,8.0,9.0,8.0,10.0,9.0,1.0,4.0,1.0,25.0,Female,Data Science,Tier 2,11.0,28.0,135.9,High
INT0327,8.03,71.2,27.0,81.9,6.0,5.0,8.0,6.0,8.0,1.0,1.0,9.0,25.0,Male,Marketing,Tier 1,2.0,2.0,111.58,Medium
INT0653,6.44,57.6,10.0,50.3,2.0,1.0,5.0,4.0,3.0,2.0,3.0,14.0,26.0,Female,HR,Tier 3,3.0,29.0,58.66,Low
INT0538,5.05,58.3,8.0,34.1,5.0,5.0,3.0,1.0,2.0,3.0,3.0,7.0,23.0,Female,Data Science,Tier 3,7.0,30.0,53.16,Low
INT0641,7.27,74.4,10.0,39.5,4.0,2.0,1.0,3.0,1.0,2.0,3.0,10.0,25.0,Female,Data Science,Tier 1,12.0,22.0,57.34,Low
INT0003,9.41,95.8,21.0,93.7,8.0,7.0,7.0,7.0,9.0,0.0,7.0,2.0,21.0,Male,Finance,Tier 3,4.0,15.0,138.25,High
INT0739,6.77,45.7,12.0,38.7,2.0,1.0,2.0,4.0,3.0,1.0,1.0,10.0,27.0,Male,Engineering,Tier 1,8.0,15.0,54.48,Low
INT0777,6.76,74.4,10.0,37.1,5.0,5.0,2.0,4.0,1.0,1.0,1.0,12.0,27.0,Male,Marketing,Tier 2,5.0,9.0,61.72,Low
INT0520,7.22,83.3,20.0,72.4,7.0,7.0,7.0,7.0,7.0,0.0,4.0,8.0,24.0,Female,Engineering,Tier 2,0.0,2.0,111.36,Medium
INT0590,6.19,42.9,14.0,33.0,4.0,3.0,4.0,2.0,5.0,2.0,0.0,6.0,26.0,Male,Data Science,Tier 3,11.0,23.0,62.59,Low
INT0799,6.69,58.4,21.0,54.1,3.0,1.0,7.0,4.0,5.0,3.0,0.0,11.0,20.0,Female,Data Science,Tier 2,10.0,5.0,70.64,Low
INT0745,6.21,46.2,21.0,37.8,4.0,2.0,7.0,3.0,6.0,1.0,0.0,13.0,22.0,Male,Finance,Tier 1,8.0,10.0,73.33,Low
INT0514,6.53,82.1,22.0,81.3,6.0,6.0,7.0,5.0,6.0,1.0,3.0,6.0,19.0,Female,Engineering,Tier 2,1.0,21.0,103.5,Medium
INT0671,6.64,44.3,9.0,46.1,2.0,4.0,1.0,5.0,3.0,3.0,0.0,10.0,26.0,Female,Engineering,Tier 3,6.0,29.0,48.52,Low
INT0265,9.73,98.8,40.0,96.3,6.0,7.0,9.0,9.0,9.0,2.0,8.0,0.0,21.0,Female,Finance,Tier 3,6.0,30.0,146.6,High
INT0616,6.21,61.1,6.0,50.3,3.0,7.0,2.0,1.0,6.0,1.0,0.0,11.0,26.0,Female,HR,Tier 3,10.0,11.0,67.06,Low
INT0330,7.9,74.5,22.0,65.9,5.0,8.0,6.0,5.0,6.0,0.0,2.0,6.0,25.0,Female,Engineering,Tier 2,1.0,6.0,105.85,Medium
INT0343,8.2,80.5,19.0,70.3,5.0,5.0,5.0,5.0,6.0,3.0,1.0,3.0,22.0,Female,Marketing,Tier 2,4.0,24.0,93.44,Medium
INT0395,7.26,68.3,16.0,66.9,5.0,5.0,5.0,7.0,5.0,1.0,2.0,9.0,20.0,Female,HR,Tier 1,7.0,22.0,87.66,Medium
INT0080,8.05,96.4,35.0,84.0,7.0,8.0,10.0,7.0,8.0,0.0,5.0,3.0,27.0,Female,Engineering,Tier 2,5.0,19.0,138.56,High
INT0149,7.91,96.7,21.0,99.9,7.0,8.0,7.0,10.0,7.0,0.0,4.0,6.0,27.0,Female,HR,Tier 2,12.0,6.0,124.32,High
INT0351,7.99,74.9,24.0,60.3,6.0,6.0,6.0,5.0,6.0,0.0,1.0,9.0,20.0,Male,Marketing,Tier 1,7.0,28.0,102.75,Medium
INT0383,6.74,67.1,20.0,70.0,8.0,7.0,8.0,8.0,6.0,0.0,4.0,4.0,21.0,Male,Finance,Tier 1,6.0,20.0,109.83,Medium
INT0441,7.05,67.7,21.0,74.4,6.0,6.0,7.0,6.0,6.0,1.0,4.0,7.0,26.0,Male,Finance,Tier 3,4.0,3.0,102.03,Medium
INT0310,7.27,82.3,22.0,65.0,7.0,5.0,8.0,8.0,6.0,0.0,5.0,6.0,25.0,Male,Data Science,Tier 3,10.0,5.0,110.33,Medium
INT0708,5.53,47.0,9.0,35.6,2.0,1.0,4.0,5.0,1.0,1.0,3.0,12.0,21.0,Male,Marketing,Tier 3,12.0,1.0,48.19,Low
INT0134,8.54,84.8,31.0,93.1,9.0,7.0,8.0,7.0,10.0,0.0,7.0,6.0,25.0,Female,Finance,Tier 3,7.0,23.0,141.3,High
INT0382,6.52,78.3,21.0,76.6,8.0,5.0,5.0,5.0,7.0,2.0,4.0,3.0,25.0,Male,Data Science,Tier 1,1.0,2.0,101.14,Medium
INT0214,8.29,98.2,38.0,92.4,10.0,7.0,9.0,10.0,9.0,2.0,5.0,4.0,24.0,Male,Marketing,Tier 1,11.0,16.0,139.97,High
INT0660,6.36,53.4,16.0,51.5,2.0,2.0,3.0,5.0,3.0,2.0,0.0,6.0,21.0,Female,Data Science,Tier 3,0.0,3.0,59.55,Low
INT0056,9.83,84.3,30.0,91.4,8.0,9.0,7.0,8.0,6.0,0.0,7.0,3.0,21.0,Male,Data Science,Tier 3,9.0,30.0,138.14,High
INT0737,6.62,63.5,9.0,48.2,3.0,2.0,2.0,3.0,4.0,2.0,0.0,14.0,23.0,Female,Engineering,Tier 2,8.0,15.0,55.65,Low
INT0621,5.08,61.4,6.0,38.7,1.0,5.0,1.0,5.0,6.0,1.0,2.0,13.0,27.0,Female,Finance,Tier 3,7.0,4.0,54.07,Low
INT0583,5.64,62.2,10.0,48.3,4.0,4.0,7.0,2.0,5.0,3.0,1.0,6.0,23.0,Male,Engineering,Tier 2,12.0,14.0,68.95,Low
INT0674,5.54,63.5,13.0,33.2,1.0,2.0,5.0,5.0,2.0,2.0,1.0,10.0,26.0,Male,HR,Tier 2,0.0,15.0,51.73,Low
INT0528,8.01,66.2,18.0,63.6,6.0,6.0,8.0,7.0,7.0,0.0,5.0,7.0,21.0,Female,HR,Tier 3,11.0,13.0,109.79,Medium
INT0197,9.4,85.6,39.0,70.2,6.0,7.0,7.0,8.0,8.0,0.0,5.0,1.0,26.0,Male,Data Science,Tier 2,10.0,25.0,134.48,High
INT0714,6.03,49.3,21.0,70.2,6.0,1.0,1.0,2.0,5.0,1.0,2.0,14.0,26.0,Female,Finance,Tier 3,11.0,17.0,70.06,Low
INT0690,6.72,59.8,21.0,32.9,6.0,4.0,5.0,4.0,4.0,1.0,3.0,12.0,20.0,Male,Marketing,Tier 2,7.0,0.0,77.73,Low
INT0061,8.66,85.3,36.0,83.6,9.0,7.0,10.0,8.0,7.0,0.0,7.0,1.0,20.0,Female,Finance,Tier 3,10.0,24.0,142.56,High
INT0577,6.33,49.9,14.0,55.5,3.0,2.0,5.0,5.0,3.0,1.0,3.0,10.0,21.0,Male,Data Science,Tier 2,7.0,7.0,67.81,Low
INT0632,5.75,42.6,9.0,42.7,4.0,4.0,5.0,7.0,6.0,2.0,2.0,9.0,21.0,Male,HR,Tier 2,7.0,15.0,65.73,Low
INT0432,7.68,74.4,16.0,70.4,7.0,5.0,7.0,5.0,6.0,0.0,3.0,9.0,22.0,Female,Data Science,Tier 1,4.0,28.0,103.56,Medium
INT0604,5.09,74.4,10.0,45.0,2.0,7.0,3.0,1.0,3.0,2.0,0.0,15.0,21.0,Female,Engineering,Tier 3,3.0,0.0,54.82,Low
INT0443,7.27,66.8,20.0,66.2,8.0,7.0,8.0,8.0,6.0,0.0,1.0,5.0,21.0,Male,Data Science,Tier 2,0.0,7.0,107.64,Medium
INT0437,7.37,68.8,21.0,79.6,5.0,7.0,8.0,8.0,6.0,0.0,1.0,9.0,25.0,Female,Marketing,Tier 2,4.0,30.0,105.02,Medium
INT0248,9.93,93.5,27.0,87.4,7.0,10.0,8.0,8.0,6.0,0.0,6.0,2.0,20.0,Female,Data Science,Tier 3,3.0,1.0,138.62,High
INT0587,5.08,74.4,14.0,40.3,1.0,4.0,5.0,3.0,2.0,0.0,0.0,14.0,19.0,Female,Marketing,Tier 2,5.0,5.0,58.84,Low
INT0570,5.7,63.0,4.0,70.2,3.0,3.0,4.0,2.0,4.0,3.0,3.0,12.0,23.0,Female,Engineering,Tier 3,5.0,19.0,59.59,Low
INT0091,7.27,74.4,28.0,92.0,7.0,7.0,7.0,8.0,10.0,0.0,6.0,2.0,26.0,Female,Data Science,Tier 3,7.0,18.0,129.14,High
INT0651,5.24,41.2,13.0,61.7,1.0,2.0,2.0,5.0,6.0,2.0,1.0,14.0,22.0,Male,Finance,Tier 2,3.0,10.0,53.48,Low
INT0182,8.05,89.4,35.0,86.1,8.0,10.0,8.0,10.0,7.0,0.0,8.0,3.0,20.0,Female,Data Science,Tier 2,6.0,29.0,139.23,High
INT0791,5.28,74.4,5.0,70.2,1.0,3.0,2.0,5.0,1.0,2.0,3.0,11.0,26.0,Male,Marketing,Tier 2,10.0,22.0,51.02,Low
INT0555,6.55,47.6,9.0,53.4,2.0,4.0,2.0,2.0,2.0,1.0,2.0,7.0,25.0,Female,Data Science,Tier 1,11.0,21.0,59.42,Low
INT0291,7.02,81.2,27.0,70.2,6.0,6.0,7.0,8.0,8.0,0.0,5.0,7.0,23.0,Female,Marketing,Tier 2,12.0,2.0,114.1,Medium
INT0159,7.27,87.8,33.0,89.6,10.0,7.0,10.0,8.0,6.0,0.0,6.0,1.0,26.0,Male,Data Science,Tier 2,8.0,3.0,135.57,High
INT0070,7.27,87.0,31.0,85.3,6.0,7.0,9.0,8.0,9.0,0.0,5.0,2.0,27.0,Female,Engineering,Tier 2,2.0,14.0,130.29,High
INT0518,7.37,73.6,25.0,72.5,6.0,5.0,7.0,8.0,6.0,3.0,4.0,7.0,23.0,Male,Finance,Tier 2,10.0,0.0,98.62,Medium
INT0132,8.29,86.3,35.0,88.6,10.0,10.0,9.0,7.0,7.0,0.0,6.0,3.0,19.0,Female,Marketing,Tier 1,6.0,30.0,143.02,High
INT0045,8.37,84.6,27.0,89.8,10.0,7.0,7.0,8.0,6.0,2.0,6.0,1.0,20.0,Other,Data Science,Tier 3,2.0,0.0,125.13,High
INT0071,9.5,85.2,30.0,87.3,7.0,10.0,8.0,9.0,7.0,1.0,7.0,6.0,20.0,Male,Marketing,Tier 2,1.0,4.0,135.14,High
INT0692,5.07,74.4,11.0,45.8,4.0,4.0,7.0,5.0,4.0,3.0,3.0,11.0,24.0,Male,Data Science,Tier 2,12.0,20.0,66.0,Low
INT0356,7.78,79.0,18.0,67.4,8.0,7.0,7.0,6.0,6.0,1.0,3.0,3.0,23.0,Female,Data Science,Tier 2,1.0,8.0,108.95,Medium
INT0445,7.88,76.6,19.0,72.9,6.0,7.0,8.0,8.0,5.0,0.0,2.0,6.0,19.0,Female,Marketing,Tier 3,1.0,27.0,107.89,Medium
INT0762,6.5,63.4,8.0,59.8,2.0,1.0,2.0,5.0,2.0,1.0,2.0,14.0,23.0,Male,Engineering,Tier 3,5.0,19.0,55.27,Low
INT0136,8.51,84.9,37.0,97.0,8.0,10.0,9.0,9.0,8.0,0.0,4.0,6.0,20.0,Female,HR,Tier 2,0.0,28.0,141.88,High
INT0083,8.53,97.7,36.0,91.3,7.0,7.0,8.0,7.0,9.0,0.0,6.0,2.0,25.0,Male,Data Science,Tier 2,2.0,29.0,141.34,High
INT0166,9.64,92.5,34.0,84.2,10.0,9.0,7.0,8.0,9.0,0.0,7.0,4.0,22.0,Male,HR,Tier 2,8.0,14.0,147.68,High
INT0165,8.0,87.2,36.0,88.9,8.0,9.0,8.0,9.0,9.0,1.0,6.0,4.0,20.0,Female,Marketing,Tier 3,2.0,11.0,137.06,High
INT0029,9.1,94.7,36.0,91.8,8.0,7.0,8.0,10.0,10.0,0.0,6.0,3.0,19.0,Male,Finance,Tier 3,0.0,14.0,146.26,High
INT0449,7.01,70.0,22.0,66.3,7.0,6.0,5.0,8.0,6.0,0.0,2.0,6.0,27.0,Female,Marketing,Tier 2,3.0,23.0,100.5,Medium
INT0194,9.19,97.2,27.0,92.3,6.0,8.0,10.0,7.0,7.0,0.0,8.0,4.0,19.0,Female,Engineering,Tier 2,11.0,15.0,139.9,High
INT0240,8.19,97.2,26.0,70.2,6.0,8.0,8.0,7.0,6.0,2.0,4.0,1.0,20.0,Female,Data Science,Tier 2,0.0,30.0,116.88,Medium
INT0725,6.3,66.0,10.0,49.2,2.0,1.0,1.0,3.0,6.0,2.0,1.0,9.0,20.0,Other,Data Science,Tier 3,8.0,12.0,58.44,Low
INT0731,5.52,61.7,8.0,33.1,5.0,1.0,4.0,4.0,2.0,2.0,0.0,6.0,20.0,Female,Marketing,Tier 2,8.0,28.0,52.86,Low
INT0137,8.94,85.4,38.0,94.1,10.0,7.0,7.0,7.0,9.0,0.0,8.0,0.0,25.0,Female,Marketing,Tier 2,6.0,27.0,148.39,High
INT0665,5.16,61.7,8.0,58.8,3.0,7.0,4.0,3.0,1.0,1.0,3.0,7.0,23.0,Male,Engineering,Tier 3,0.0,0.0,64.25,Low
INT0312,6.68,75.0,23.0,66.8,7.0,6.0,7.0,8.0,7.0,2.0,2.0,6.0,24.0,Female,Finance,Tier 2,7.0,22.0,100.13,Medium
INT0141,9.92,83.4,26.0,92.7,10.0,9.0,9.0,8.0,9.0,1.0,6.0,2.0,25.0,Male,Engineering,Tier 2,5.0,21.0,145.73,High
INT0474,8.08,71.7,22.0,70.7,5.0,7.0,5.0,8.0,6.0,0.0,3.0,6.0,19.0,Male,Finance,Tier 1,10.0,18.0,105.12,Medium
INT0007,7.93,90.1,28.0,98.2,9.0,10.0,9.0,7.0,10.0,0.0,8.0,1.0,20.0,Female,Data Science,Tier 2,10.0,7.0,148.07,High
INT0729,6.53,49.2,7.0,48.0,1.0,7.0,5.0,3.0,3.0,1.0,0.0,13.0,27.0,Female,HR,Tier 3,8.0,4.0,62.0,Low
INT0756,6.7,60.1,13.0,70.2,2.0,4.0,1.0,5.0,6.0,3.0,3.0,8.0,22.0,Male,Data Science,Tier 3,9.0,30.0,67.95,Low
INT0074,9.59,90.3,40.0,98.5,8.0,10.0,10.0,9.0,6.0,0.0,8.0,0.0,23.0,Female,HR,Tier 2,7.0,10.0,153.61,High
INT0560,5.57,41.4,15.0,50.6,1.0,2.0,4.0,3.0,4.0,1.0,3.0,8.0,24.0,Female,Data Science,Tier 1,5.0,10.0,61.21,Low
INT0300,6.95,80.1,15.0,65.5,7.0,7.0,7.0,7.0,6.0,1.0,5.0,7.0,19.0,Female,Data Science,Tier 2,0.0,12.0,102.41,Medium
INT0146,7.88,89.2,38.0,82.9,6.0,7.0,7.0,10.0,9.0,1.0,4.0,1.0,20.0,Female,Marketing,Tier 2,4.0,9.0,128.98,High
INT0293,7.01,66.5,19.0,68.1,6.0,7.0,8.0,8.0,7.0,1.0,4.0,8.0,24.0,Female,Data Science,Tier 1,11.0,5.0,103.94,Medium
INT0235,8.23,95.7,29.0,87.0,7.0,8.0,7.0,7.0,10.0,0.0,8.0,3.0,21.0,Other,Engineering,Tier 3,2.0,27.0,138.38,High
INT0221,7.27,93.3,34.0,87.7,10.0,9.0,10.0,10.0,10.0,0.0,8.0,4.0,21.0,Female,HR,Tier 2,6.0,21.0,147.41,High
INT0451,7.27,82.6,17.0,61.5,7.0,5.0,8.0,6.0,6.0,0.0,5.0,3.0,27.0,Male,Engineering,Tier 1,2.0,29.0,108.67,Medium
INT0381,6.67,77.1,27.0,70.6,7.0,8.0,5.0,7.0,6.0,0.0,1.0,9.0,21.0,Other,Data Science,Tier 3,2.0,11.0,103.46,Medium
INT0133,8.06,83.8,27.0,88.2,8.0,7.0,10.0,9.0,7.0,0.0,6.0,1.0,26.0,Female,Finance,Tier 3,8.0,5.0,133.85,High
INT0376,7.69,68.8,24.0,70.2,5.0,8.0,5.0,7.0,5.0,0.0,1.0,8.0,22.0,Male,Marketing,Tier 2,7.0,14.0,100.22,Medium
INT0405,7.27,74.4,24.0,77.3,7.0,7.0,6.0,6.0,5.0,1.0,5.0,3.0,22.0,Male,Data Science,Tier 1,11.0,11.0,107.9,Medium
INT0523,6.51,76.5,15.0,66.3,6.0,7.0,8.0,6.0,7.0,2.0,1.0,6.0,20.0,Female,Data Science,Tier 2,4.0,20.0,96.08,Medium
INT0750,5.04,41.5,16.0,32.0,6.0,3.0,5.0,4.0,6.0,2.0,1.0,11.0,21.0,Female,Engineering,Tier 3,4.0,5.0,63.88,Low
INT0427,7.27,74.5,23.0,64.3,5.0,7.0,7.0,7.0,5.0,1.0,5.0,5.0,27.0,Male,Data Science,Tier 1,0.0,26.0,102.61,Medium
INT0042,8.89,93.2,36.0,70.2,6.0,9.0,7.0,8.0,8.0,0.0,5.0,3.0,25.0,Male,Data Science,Tier 1,4.0,21.0,133.48,High
INT0496,7.07,81.9,25.0,70.8,7.0,7.0,7.0,5.0,5.0,0.0,5.0,5.0,23.0,Male,Engineering,Tier 2,6.0,25.0,111.22,Medium
INT0109,7.27,82.4,37.0,85.7,10.0,7.0,9.0,7.0,8.0,0.0,4.0,4.0,21.0,Male,Engineering,Tier 3,7.0,19.0,134.68,High
INT0345,6.88,68.5,21.0,70.2,6.0,8.0,8.0,8.0,5.0,0.0,4.0,9.0,24.0,Female,Data Science,Tier 2,11.0,14.0,104.84,Medium
INT0057,7.99,84.3,28.0,94.1,7.0,8.0,9.0,9.0,7.0,0.0,8.0,6.0,22.0,Female,Engineering,Tier 1,5.0,15.0,132.73,High
INT0260,8.01,92.6,32.0,86.0,7.0,7.0,7.0,7.0,10.0,0.0,5.0,3.0,26.0,Female,Finance,Tier 1,2.0,14.0,134.13,High
INT0480,7.92,83.5,20.0,80.1,8.0,6.0,7.0,7.0,5.0,1.0,4.0,3.0,24.0,Female,Marketing,Tier 2,4.0,8.0,111.52,Medium
INT0626,7.27,62.6,6.0,37.5,2.0,2.0,5.0,1.0,1.0,3.0,3.0,10.0,25.0,Male,HR,Tier 2,5.0,8.0,54.37,Low
INT0228,8.66,96.2,30.0,86.2,10.0,9.0,8.0,9.0,7.0,0.0,5.0,0.0,27.0,Male,Data Science,Tier 2,9.0,8.0,140.51,High
INT0213,9.23,86.2,33.0,98.8,9.0,7.0,10.0,8.0,7.0,1.0,5.0,1.0,27.0,Male,Engineering,Tier 2,8.0,24.0,141.51,High
INT0594,6.57,65.3,12.0,50.1,3.0,2.0,3.0,5.0,3.0,2.0,1.0,8.0,25.0,Male,Engineering,Tier 3,4.0,20.0,61.4,Low
INT0333,7.27,66.5,21.0,60.4,7.0,8.0,6.0,5.0,6.0,0.0,1.0,9.0,20.0,Female,Data Science,Tier 3,4.0,2.0,101.03,Medium
INT0025,7.27,84.4,34.0,85.0,8.0,10.0,7.0,9.0,8.0,1.0,4.0,1.0,22.0,Female,Data Science,Tier 1,2.0,12.0,128.84,High
INT0781,6.63,58.1,21.0,38.1,2.0,7.0,7.0,7.0,2.0,1.0,1.0,7.0,22.0,Male,Finance,Tier 3,11.0,7.0,75.86,Low
INT0352,7.37,69.5,24.0,66.2,6.0,8.0,8.0,7.0,5.0,1.0,4.0,8.0,19.0,Female,Marketing,Tier 3,0.0,14.0,105.15,Medium
INT0357,7.5,71.1,22.0,70.2,5.0,7.0,8.0,8.0,7.0,1.0,2.0,6.0,19.0,Female,HR,Tier 3,9.0,10.0,106.01,Medium
INT0052,9.51,87.9,29.0,90.6,8.0,8.0,10.0,8.0,6.0,0.0,5.0,4.0,20.0,Male,Engineering,Tier 3,6.0,5.0,138.44,High
INT0332,7.27,78.9,17.0,71.1,6.0,7.0,5.0,8.0,6.0,1.0,3.0,8.0,24.0,Female,Finance,Tier 2,11.0,23.0,98.03,Medium
INT0734,6.01,74.4,11.0,57.0,5.0,2.0,3.0,5.0,5.0,2.0,0.0,12.0,25.0,Female,Data Science,Tier 3,12.0,19.0,65.4,Low
INT0630,5.49,40.1,10.0,48.1,2.0,2.0,4.0,1.0,3.0,0.0,0.0,12.0,26.0,Female,Engineering,Tier 3,11.0,15.0,55.2,Low
INT0502,7.27,82.4,26.0,79.2,8.0,6.0,7.0,8.0,5.0,0.0,3.0,4.0,19.0,Male,Data Science,Tier 1,7.0,15.0,113.08,Medium
INT0335,8.08,69.5,26.0,61.7,8.0,6.0,8.0,7.0,7.0,0.0,4.0,5.0,21.0,Male,Data Science,Tier 2,6.0,0.0,117.19,Medium
INT0286,7.26,74.4,18.0,68.9,6.0,7.0,7.0,8.0,5.0,1.0,1.0,5.0,22.0,Female,Finance,Tier 2,2.0,7.0,98.48,Medium
INT0019,8.75,91.4,30.0,91.9,6.0,7.0,10.0,9.0,10.0,0.0,7.0,4.0,20.0,Female,Engineering,Tier 3,0.0,18.0,142.49,High
INT0585,5.38,40.5,8.0,56.9,4.0,3.0,7.0,4.0,4.0,3.0,0.0,14.0,19.0,Male,Marketing,Tier 2,7.0,26.0,57.17,Low
INT0749,6.54,52.1,13.0,31.5,2.0,5.0,3.0,7.0,4.0,0.0,1.0,13.0,19.0,Female,HR,Tier 2,9.0,19.0,63.68,Low
INT0084,7.94,98.6,35.0,92.7,8.0,9.0,9.0,7.0,8.0,1.0,5.0,1.0,27.0,Male,Marketing,Tier 2,9.0,5.0,139.09,High
INT0062,8.4,74.4,27.0,94.9,7.0,7.0,7.0,7.0,10.0,0.0,5.0,4.0,21.0,Male,Engineering,Tier 2,5.0,2.0,131.74,High
INT0463,8.16,75.7,16.0,70.2,7.0,8.0,5.0,6.0,8.0,0.0,3.0,8.0,26.0,Male,Engineering,Tier 3,1.0,23.0,110.14,Medium
INT0292,7.56,76.0,20.0,68.6,5.0,7.0,7.0,5.0,7.0,0.0,4.0,6.0,24.0,Male,Data Science,Tier 2,3.0,12.0,108.86,Medium
INT0448,8.12,74.9,16.0,76.1,5.0,5.0,7.0,6.0,7.0,3.0,4.0,6.0,25.0,Male,Marketing,Tier 3,7.0,2.0,99.03,Medium
INT0183,9.83,88.3,34.0,88.2,10.0,9.0,7.0,10.0,7.0,0.0,7.0,1.0,26.0,Male,Marketing,Tier 3,2.0,18.0,146.1,High
INT0550,5.31,48.9,10.0,48.2,1.0,3.0,2.0,4.0,4.0,3.0,0.0,10.0,20.0,Female,Finance,Tier 3,6.0,12.0,45.91,Low
INT0501,7.22,65.7,24.0,79.9,6.0,7.0,7.0,8.0,8.0,1.0,5.0,5.0,24.0,Female,Engineering,Tier 1,7.0,15.0,112.22,Medium
INT0224,8.61,96.3,37.0,94.0,10.0,7.0,9.0,7.0,10.0,0.0,4.0,4.0,21.0,Female,Data Science,Tier 2,2.0,3.0,147.78,High
INT0425,6.94,78.7,24.0,60.1,5.0,5.0,6.0,7.0,8.0,2.0,1.0,9.0,23.0,Female,Finance,Tier 3,12.0,13.0,94.39,Medium
INT0468,8.02,80.4,21.0,70.0,7.0,8.0,5.0,6.0,5.0,1.0,4.0,9.0,22.0,Male,HR,Tier 3,1.0,14.0,104.24,Medium
INT0320,6.72,69.0,20.0,60.2,8.0,6.0,5.0,8.0,5.0,0.0,4.0,9.0,26.0,Female,Marketing,Tier 2,11.0,26.0,96.97,Medium
INT0329,7.16,68.5,21.0,70.2,5.0,7.0,5.0,6.0,6.0,0.0,3.0,8.0,25.0,Female,Data Science,Tier 2,12.0,19.0,99.36,Medium
INT0444,7.62,83.1,24.0,78.1,6.0,8.0,7.0,8.0,8.0,1.0,5.0,6.0,22.0,Male,HR,Tier 3,9.0,30.0,116.76,Medium
INT0494,6.62,66.7,26.0,80.1,5.0,7.0,5.0,7.0,8.0,0.0,3.0,3.0,24.0,Female,Engineering,Tier 1,6.0,26.0,107.91,Medium
INT0177,9.32,74.4,37.0,93.0,6.0,10.0,9.0,8.0,10.0,0.0,7.0,3.0,25.0,Female,Data Science,Tier 2,9.0,25.0,148.24,High
INT0677,5.49,65.2,5.0,35.1,5.0,5.0,2.0,5.0,3.0,1.0,1.0,11.0,23.0,Female,HR,Tier 2,11.0,23.0,56.86,Low
INT0364,7.29,78.8,23.0,64.9,5.0,6.0,6.0,7.0,5.0,1.0,2.0,4.0,27.0,Female,Data Science,Tier 1,0.0,16.0,97.96,Medium
INT0164,8.98,93.0,36.0,90.5,7.0,7.0,10.0,9.0,9.0,0.0,7.0,4.0,23.0,Male,Engineering,Tier 3,2.0,15.0,145.87,High
INT0249,7.27,94.5,27.0,89.7,8.0,9.0,7.0,8.0,10.0,1.0,4.0,2.0,19.0,Female,Engineering,Tier 2,10.0,15.0,130.09,High
INT0519,6.74,80.9,23.0,67.5,7.0,5.0,5.0,7.0,7.0,0.0,3.0,4.0,21.0,Male,Data Science,Tier 2,8.0,15.0,104.59,Medium
INT0711,5.38,50.5,16.0,52.6,1.0,3.0,7.0,2.0,1.0,1.0,0.0,12.0,27.0,Male,Finance,Tier 3,10.0,21.0,58.31,Low
INT0075,9.36,85.7,21.0,89.6,7.0,7.0,7.0,7.0,10.0,1.0,5.0,0.0,25.0,Male,Marketing,Tier 1,4.0,27.0,132.22,High
INT0644,5.66,42.8,11.0,39.8,5.0,3.0,2.0,4.0,1.0,0.0,2.0,9.0,22.0,Male,Finance,Tier 1,11.0,22.0,56.72,Low
INT0406,7.49,82.5,22.0,66.8,8.0,5.0,6.0,5.0,5.0,0.0,4.0,8.0,20.0,Female,Data Science,Tier 2,8.0,28.0,105.49,Medium
INT0105,9.8,91.6,34.0,91.6,7.0,7.0,7.0,10.0,8.0,1.0,7.0,2.0,24.0,Male,Data Science,Tier 3,0.0,2.0,138.76,High
INT0115,9.19,92.7,37.0,86.9,10.0,10.0,7.0,7.0,10.0,0.0,7.0,2.0,21.0,Female,HR,Tier 1,1.0,22.0,152.14,High
INT0301,7.27,71.5,22.0,60.3,6.0,5.0,5.0,8.0,6.0,1.0,1.0,3.0,23.0,Male,Finance,Tier 1,4.0,14.0,95.37,Medium
INT0093,9.47,93.1,31.0,87.4,6.0,8.0,7.0,7.0,7.0,0.0,7.0,0.0,23.0,Female,Data Science,Tier 2,0.0,26.0,137.02,High
INT0412,7.18,68.9,24.0,70.2,5.0,7.0,8.0,8.0,7.0,0.0,4.0,6.0,20.0,Female,Engineering,Tier 3,2.0,27.0,110.4,Medium
INT0090,8.84,85.8,33.0,95.9,8.0,10.0,8.0,9.0,7.0,0.0,7.0,6.0,20.0,Male,HR,Tier 3,6.0,15.0,140.31,High
INT0529,6.97,72.3,26.0,76.6,6.0,7.0,7.0,5.0,8.0,2.0,1.0,5.0,19.0,Female,HR,Tier 1,6.0,30.0,105.54,Medium
INT0735,5.29,43.8,11.0,39.1,5.0,4.0,4.0,1.0,5.0,3.0,0.0,13.0,19.0,Female,Data Science,Tier 1,5.0,20.0,55.05,Low
INT0744,7.27,44.3,14.0,32.7,4.0,5.0,3.0,2.0,5.0,1.0,3.0,15.0,19.0,Male,Data Science,Tier 3,4.0,30.0,69.16,Low
INT0576,6.69,62.2,9.0,44.6,3.0,5.0,1.0,5.0,1.0,1.0,0.0,14.0,19.0,Female,Marketing,Tier 1,6.0,25.0,53.81,Low
INT0498,7.27,71.2,18.0,76.7,5.0,5.0,8.0,6.0,6.0,0.0,4.0,4.0,26.0,Female,HR,Tier 1,8.0,6.0,106.0,Medium
INT0495,7.89,75.6,27.0,66.5,7.0,8.0,8.0,7.0,6.0,2.0,2.0,6.0,21.0,Female,Engineering,Tier 2,4.0,30.0,109.2,Medium
INT0012,9.93,94.1,27.0,87.3,10.0,10.0,9.0,7.0,10.0,0.0,6.0,0.0,19.0,Female,Finance,Tier 3,5.0,25.0,154.0,High
INT0434,7.79,69.9,23.0,61.0,7.0,6.0,7.0,8.0,6.0,1.0,3.0,9.0,25.0,Male,HR,Tier 2,6.0,15.0,103.14,Medium
INT0044,9.8,99.1,38.0,96.8,10.0,9.0,9.0,8.0,7.0,0.0,4.0,3.0,26.0,Male,Data Science,Tier 1,4.0,25.0,150.92,High
INT0043,7.88,74.4,39.0,91.4,8.0,7.0,9.0,8.0,6.0,0.0,8.0,4.0,22.0,Female,Data Science,Tier 3,4.0,8.0,135.06,High
INT0168,8.21,90.7,36.0,82.4,8.0,10.0,10.0,7.0,7.0,2.0,8.0,1.0,24.0,Male,Marketing,Tier 2,4.0,22.0,138.43,High
INT0704,6.32,65.6,9.0,49.2,5.0,1.0,1.0,4.0,6.0,1.0,2.0,8.0,24.0,Male,Data Science,Tier 1,10.0,5.0,66.96,Low
INT0614,6.57,44.7,21.0,32.3,1.0,7.0,5.0,5.0,2.0,3.0,3.0,15.0,20.0,Male,Finance,Tier 1,8.0,28.0,59.34,Low
INT0413,8.11,74.4,26.0,77.3,6.0,5.0,7.0,6.0,8.0,1.0,5.0,6.0,21.0,Other,Data Science,Tier 2,7.0,24.0,114.66,Medium
INT0179,9.86,95.7,30.0,84.9,6.0,9.0,9.0,10.0,8.0,1.0,8.0,0.0,19.0,Male,Marketing,Tier 2,11.0,17.0,142.78,High
INT0531,7.96,67.7,27.0,77.2,5.0,7.0,8.0,8.0,8.0,1.0,2.0,9.0,25.0,Female,Engineering,Tier 3,3.0,8.0,111.74,Medium
INT0540,7.27,55.9,16.0,34.9,4.0,1.0,7.0,3.0,3.0,2.0,3.0,8.0,23.0,Female,Finance,Tier 1,6.0,7.0,71.24,Low
INT0178,8.65,94.3,32.0,91.1,9.0,8.0,10.0,9.0,8.0,0.0,6.0,4.0,27.0,Female,Engineering,Tier 2,11.0,15.0,144.06,High
INT0666,5.09,64.7,13.0,34.2,2.0,3.0,1.0,5.0,1.0,1.0,3.0,12.0,25.0,Female,Engineering,Tier 2,0.0,2.0,47.8,Low
INT0767,5.38,49.0,13.0,70.2,3.0,5.0,4.0,1.0,5.0,1.0,1.0,7.0,23.0,Male,HR,Tier 3,9.0,9.0,71.61,Low
INT0258,9.33,99.1,38.0,86.1,9.0,10.0,7.0,7.0,7.0,0.0,4.0,3.0,22.0,Female,Engineering,Tier 1,3.0,2.0,143.0,High
INT0766,5.11,74.4,12.0,45.5,2.0,1.0,7.0,2.0,5.0,3.0,3.0,12.0,20.0,Female,Finance,Tier 1,2.0,4.0,61.5,Low
INT0544,5.61,55.7,13.0,56.4,3.0,5.0,1.0,3.0,5.0,2.0,0.0,8.0,23.0,Male,HR,Tier 2,11.0,21.0,60.88,Low
INT0016,8.2,94.1,30.0,93.0,10.0,7.0,10.0,9.0,8.0,0.0,7.0,3.0,19.0,Female,Marketing,Tier 2,0.0,11.0,143.41,High
INT0004,9.12,99.0,26.0,95.8,10.0,7.0,8.0,9.0,6.0,0.0,3.0,1.0,25.0,Male,Marketing,Tier 1,2.0,15.0,135.79,High
INT0336,7.96,74.3,26.0,75.1,6.0,5.0,8.0,8.0,6.0,0.0,4.0,9.0,21.0,Female,Finance,Tier 1,0.0,11.0,111.91,Medium
INT0257,9.86,90.3,29.0,93.4,10.0,8.0,8.0,10.0,6.0,0.0,5.0,1.0,20.0,Male,Data Science,Tier 2,7.0,25.0,141.67,High
INT0581,6.07,43.7,10.0,44.7,5.0,4.0,5.0,3.0,1.0,2.0,3.0,12.0,22.0,Female,Engineering,Tier 1,6.0,9.0,59.08,Low
INT0446,7.64,65.0,25.0,71.2,5.0,8.0,6.0,8.0,6.0,2.0,5.0,3.0,20.0,Male,Marketing,Tier 2,10.0,14.0,104.45,Medium
INT0339,7.29,83.0,25.0,63.0,5.0,7.0,8.0,6.0,6.0,1.0,3.0,9.0,24.0,Female,HR,Tier 2,2.0,6.0,104.51,Medium
INT0479,6.59,72.3,16.0,65.6,8.0,8.0,7.0,7.0,6.0,0.0,5.0,9.0,24.0,Male,Engineering,Tier 2,5.0,15.0,105.02,Medium
INT0418,6.84,72.0,20.0,70.5,5.0,8.0,7.0,8.0,5.0,2.0,1.0,4.0,20.0,Other,Data Science,Tier 1,10.0,22.0,94.96,Medium
INT0639,6.4,43.9,21.0,49.7,2.0,1.0,3.0,4.0,3.0,1.0,1.0,7.0,20.0,Male,Data Science,Tier 1,5.0,7.0,62.72,Low
INT0715,6.58,55.1,14.0,48.4,2.0,3.0,1.0,5.0,4.0,3.0,2.0,11.0,26.0,Male,Finance,Tier 3,9.0,26.0,55.16,Low
INT0325,7.27,70.7,19.0,79.0,8.0,5.0,8.0,7.0,6.0,1.0,2.0,5.0,23.0,Female,HR,Tier 2,2.0,30.0,105.89,Medium
INT0458,7.56,69.6,22.0,76.6,6.0,6.0,5.0,7.0,6.0,0.0,3.0,9.0,24.0,Female,Marketing,Tier 1,4.0,10.0,102.7,Medium
INT0010,9.36,92.9,33.0,97.6,7.0,8.0,8.0,8.0,8.0,0.0,5.0,1.0,22.0,Male,HR,Tier 3,4.0,13.0,142.39,High
INT0250,7.27,74.4,39.0,70.2,10.0,10.0,9.0,7.0,10.0,1.0,7.0,0.0,27.0,Male,Engineering,Tier 2,6.0,29.0,140.98,High
INT0023,8.44,97.8,40.0,82.3,7.0,8.0,9.0,9.0,6.0,0.0,3.0,0.0,24.0,Female,HR,Tier 2,11.0,4.0,136.19,High
INT0222,9.05,74.4,27.0,99.2,7.0,9.0,9.0,10.0,8.0,1.0,7.0,0.0,22.0,Male,Finance,Tier 2,12.0,20.0,138.2,High
INT0548,5.4,44.3,14.0,55.3,6.0,2.0,5.0,7.0,6.0,2.0,1.0,7.0,19.0,Female,Engineering,Tier 2,3.0,9.0,70.21,Low
INT0691,6.43,52.6,4.0,50.0,2.0,3.0,4.0,7.0,6.0,2.0,3.0,10.0,22.0,Female,Marketing,Tier 3,7.0,30.0,63.41,Low
INT0785,6.78,62.5,10.0,54.1,5.0,2.0,5.0,2.0,2.0,2.0,1.0,15.0,21.0,Female,Marketing,Tier 2,11.0,29.0,62.72,Low
INT0627,7.27,51.2,5.0,40.6,6.0,3.0,5.0,3.0,5.0,2.0,2.0,15.0,19.0,Male,Data Science,Tier 2,1.0,25.0,67.48,Low
INT0341,7.52,76.1,22.0,78.2,5.0,8.0,7.0,7.0,6.0,0.0,2.0,8.0,21.0,Male,Engineering,Tier 2,5.0,17.0,107.83,Medium
INT0672,5.66,40.9,6.0,35.2,5.0,3.0,1.0,1.0,3.0,3.0,2.0,10.0,27.0,Female,HR,Tier 2,7.0,7.0,45.71,Low
INT0204,9.78,97.8,39.0,84.5,10.0,7.0,7.0,10.0,7.0,1.0,8.0,3.0,20.0,Female,HR,Tier 3,0.0,4.0,143.69,High
INT0238,7.85,96.8,37.0,82.3,8.0,8.0,8.0,10.0,10.0,0.0,5.0,0.0,21.0,Other,Data Science,Tier 2,12.0,15.0,141.88,High
INT0094,9.03,88.6,38.0,95.2,8.0,7.0,10.0,7.0,10.0,1.0,4.0,3.0,21.0,Female,Engineering,Tier 2,7.0,4.0,145.35,High
INT0532,7.89,66.9,18.0,60.5,8.0,5.0,7.0,6.0,7.0,0.0,5.0,4.0,22.0,Male,Data Science,Tier 3,8.0,4.0,110.29,Medium
INT0363,7.96,65.7,24.0,81.4,7.0,8.0,8.0,8.0,8.0,2.0,1.0,4.0,20.0,Female,Finance,Tier 3,4.0,23.0,113.47,Medium
INT0545,7.27,50.1,5.0,31.4,4.0,7.0,3.0,1.0,3.0,3.0,3.0,12.0,19.0,Male,Engineering,Tier 2,3.0,3.0,59.17,Low
INT0285,6.59,72.9,19.0,79.7,5.0,6.0,7.0,7.0,8.0,1.0,4.0,6.0,19.0,Female,Marketing,Tier 2,5.0,30.0,104.03,Medium
INT0185,8.37,97.0,40.0,88.2,10.0,9.0,7.0,8.0,9.0,1.0,8.0,4.0,27.0,Male,HR,Tier 3,5.0,25.0,145.07,High
INT0650,5.04,50.8,9.0,33.7,1.0,4.0,3.0,7.0,2.0,1.0,1.0,13.0,25.0,Male,Finance,Tier 1,9.0,11.0,46.22,Low
INT0397,7.07,68.3,21.0,74.6,8.0,7.0,7.0,7.0,8.0,2.0,1.0,8.0,26.0,Female,Data Science,Tier 3,6.0,12.0,103.94,Medium
INT0154,8.88,92.0,36.0,99.3,8.0,7.0,10.0,10.0,6.0,1.0,4.0,4.0,22.0,Male,Engineering,Tier 2,6.0,7.0,136.58,High
INT0076,9.4,88.6,26.0,70.2,9.0,7.0,7.0,10.0,8.0,1.0,4.0,2.0,24.0,Male,Data Science,Tier 3,12.0,13.0,128.43,High
INT0454,6.86,80.0,18.0,69.6,5.0,6.0,5.0,5.0,6.0,0.0,5.0,8.0,27.0,Female,Data Science,Tier 1,0.0,7.0,99.06,Medium
INT0696,6.26,74.4,5.0,55.7,2.0,3.0,4.0,2.0,1.0,1.0,3.0,10.0,26.0,Female,Data Science,Tier 3,3.0,25.0,60.64,Low
INT0278,7.26,78.2,15.0,77.7,7.0,5.0,5.0,7.0,7.0,0.0,2.0,5.0,22.0,Male,Marketing,Tier 2,2.0,15.0,102.81,Medium
INT0069,7.27,85.0,33.0,96.4,7.0,7.0,7.0,9.0,7.0,0.0,4.0,1.0,26.0,Female,Data Science,Tier 3,10.0,16.0,126.61,High
INT0515,6.67,82.9,21.0,65.6,6.0,7.0,6.0,5.0,6.0,0.0,3.0,9.0,21.0,Female,Engineering,Tier 2,4.0,11.0,101.44,Medium
INT0189,8.97,98.9,36.0,87.0,7.0,9.0,8.0,10.0,7.0,0.0,4.0,4.0,23.0,Female,Data Science,Tier 3,11.0,7.0,137.81,High
INT0272,6.94,73.5,21.0,75.9,5.0,7.0,7.0,6.0,5.0,1.0,5.0,6.0,22.0,Female,Data Science,Tier 1,8.0,18.0,101.97,Medium
INT0237,8.42,74.4,26.0,82.0,9.0,9.0,7.0,9.0,8.0,1.0,4.0,3.0,21.0,Male,Finance,Tier 1,1.0,4.0,126.64,High
INT0089,7.27,85.3,26.0,98.3,6.0,8.0,8.0,10.0,7.0,1.0,6.0,1.0,23.0,Female,Data Science,Tier 3,7.0,11.0,124.03,High
INT0763,6.37,42.3,21.0,70.2,4.0,4.0,1.0,4.0,2.0,1.0,3.0,12.0,25.0,Female,Finance,Tier 3,1.0,16.0,66.97,Low
INT0118,8.21,91.0,40.0,90.0,10.0,7.0,7.0,7.0,10.0,1.0,8.0,1.0,27.0,Male,Marketing,Tier 1,6.0,28.0,144.99,High
INT0126,8.74,88.5,37.0,70.2,9.0,8.0,7.0,7.0,9.0,3.0,6.0,1.0,19.0,Female,Data Science,Tier 3,3.0,15.0,130.97,High
INT0661,7.27,43.4,15.0,70.2,3.0,4.0,1.0,4.0,4.0,1.0,2.0,9.0,27.0,Female,Finance,Tier 2,12.0,24.0,70.73,Low
INT0290,6.78,73.6,19.0,70.2,7.0,8.0,8.0,5.0,6.0,1.0,5.0,8.0,23.0,Female,Data Science,Tier 2,4.0,18.0,106.2,Medium
INT0239,9.22,84.0,31.0,92.8,9.0,8.0,8.0,7.0,10.0,1.0,4.0,3.0,19.0,Female,HR,Tier 2,6.0,15.0,140.54,High
INT0001,8.62,99.9,32.0,87.2,8.0,9.0,7.0,8.0,7.0,0.0,4.0,1.0,25.0,Male,Engineering,Tier 3,12.0,5.0,135.81,High
INT0792,5.37,43.3,4.0,33.8,4.0,1.0,1.0,5.0,1.0,3.0,2.0,15.0,22.0,Male,Engineering,Tier 3,4.0,16.0,33.23,Low
INT0603,7.27,74.4,12.0,37.2,1.0,3.0,3.0,5.0,1.0,2.0,2.0,12.0,23.0,Male,Finance,Tier 1,6.0,13.0,56.18,Low
INT0795,5.48,45.4,15.0,42.5,1.0,2.0,1.0,5.0,5.0,0.0,0.0,14.0,19.0,Male,Marketing,Tier 2,7.0,0.0,53.43,Low
INT0466,7.78,71.9,22.0,81.2,6.0,7.0,7.0,8.0,7.0,1.0,2.0,6.0,20.0,Female,HR,Tier 2,6.0,8.0,109.15,Medium
INT0279,6.55,74.4,20.0,68.1,6.0,7.0,6.0,6.0,6.0,1.0,3.0,7.0,22.0,Female,Engineering,Tier 3,6.0,19.0,97.68,Medium
INT0625,6.02,74.4,15.0,40.4,5.0,2.0,5.0,5.0,1.0,3.0,2.0,13.0,25.0,Male,Finance,Tier 1,10.0,5.0,58.22,Low
INT0117,9.57,96.2,34.0,94.2,6.0,7.0,7.0,7.0,7.0,1.0,5.0,1.0,20.0,Female,Marketing,Tier 1,2.0,30.0,134.05,High
INT0229,9.76,84.7,38.0,83.4,6.0,9.0,9.0,8.0,10.0,1.0,4.0,4.0,22.0,Female,HR,Tier 2,7.0,7.0,142.43,High
INT0757,5.32,64.1,13.0,42.8,1.0,4.0,3.0,5.0,2.0,1.0,1.0,9.0,19.0,Female,Data Science,Tier 1,8.0,9.0,55.15,Low
INT0421,6.98,65.2,25.0,80.1,5.0,8.0,5.0,5.0,5.0,2.0,2.0,6.0,24.0,Male,Finance,Tier 3,10.0,2.0,95.32,Medium
INT0435,7.55,74.4,22.0,73.7,8.0,5.0,5.0,6.0,6.0,1.0,2.0,7.0,21.0,Female,Marketing,Tier 3,2.0,12.0,101.6,Medium
INT0275,6.8,76.7,19.0,70.4,8.0,7.0,7.0,5.0,5.0,1.0,4.0,5.0,20.0,Male,Finance,Tier 2,11.0,22.0,103.78,Medium
INT0319,7.24,73.5,21.0,60.1,8.0,7.0,5.0,6.0,8.0,1.0,3.0,9.0,27.0,Male,HR,Tier 3,4.0,8.0,103.41,Medium
INT0552,7.27,59.8,16.0,70.2,4.0,2.0,7.0,5.0,1.0,2.0,3.0,9.0,19.0,Male,Marketing,Tier 3,6.0,0.0,75.59,Low
INT0145,8.43,84.0,39.0,85.4,10.0,8.0,7.0,8.0,10.0,0.0,6.0,2.0,23.0,Female,Finance,Tier 1,4.0,3.0,145.1,High
INT0649,5.3,57.3,11.0,46.8,5.0,4.0,5.0,4.0,1.0,3.0,0.0,11.0,26.0,Male,Finance,Tier 2,9.0,15.0,53.45,Low
INT0736,5.56,74.4,5.0,52.9,1.0,2.0,5.0,5.0,3.0,1.0,3.0,15.0,20.0,Female,Marketing,Tier 2,6.0,1.0,57.88,Low
INT0727,5.72,60.7,5.0,39.2,2.0,1.0,7.0,2.0,4.0,1.0,3.0,7.0,21.0,Female,HR,Tier 3,6.0,11.0,63.62,Low
INT0586,5.07,45.6,10.0,48.6,5.0,5.0,5.0,2.0,2.0,2.0,2.0,9.0,20.0,Male,HR,Tier 2,0.0,7.0,59.84,Low
INT0370,7.07,81.4,16.0,60.2,8.0,6.0,6.0,8.0,6.0,0.0,3.0,7.0,24.0,Female,Engineering,Tier 3,12.0,6.0,102.03,Medium
INT0269,7.23,82.4,23.0,62.9,8.0,8.0,7.0,8.0,8.0,0.0,5.0,6.0,24.0,Male,Marketing,Tier 2,12.0,11.0,117.56,Medium
INT0568,6.18,54.1,6.0,36.8,1.0,2.0,7.0,2.0,4.0,1.0,1.0,15.0,20.0,Female,HR,Tier 2,10.0,3.0,58.19,Low
INT0308,6.95,78.8,26.0,61.6,7.0,7.0,8.0,5.0,5.0,0.0,5.0,6.0,20.0,Male,Finance,Tier 1,11.0,12.0,110.24,Medium
INT0311,6.87,76.5,17.0,76.3,5.0,8.0,8.0,8.0,8.0,0.0,4.0,5.0,26.0,Female,Data Science,Tier 2,12.0,28.0,111.72,Medium
INT0452,6.56,74.2,16.0,70.2,6.0,6.0,7.0,5.0,8.0,0.0,3.0,5.0,24.0,Male,Engineering,Tier 2,2.0,26.0,104.71,Medium
INT0047,7.27,90.9,32.0,83.3,6.0,8.0,8.0,8.0,9.0,0.0,8.0,3.0,23.0,Male,Marketing,Tier 2,4.0,24.0,132.88,High
INT0350,7.66,70.1,16.0,70.1,7.0,7.0,7.0,7.0,7.0,1.0,5.0,4.0,24.0,Male,HR,Tier 3,7.0,30.0,108.67,Medium
INT0372,8.17,78.8,21.0,69.0,6.0,7.0,5.0,5.0,5.0,0.0,1.0,5.0,19.0,Female,Marketing,Tier 2,12.0,11.0,103.7,Medium
INT0524,7.29,81.1,23.0,79.5,5.0,6.0,7.0,7.0,8.0,0.0,4.0,3.0,23.0,Female,Marketing,Tier 3,5.0,2.0,114.53,Medium
INT0262,9.98,93.0,36.0,93.8,7.0,9.0,7.0,10.0,10.0,1.0,4.0,4.0,27.0,Female,Data Science,Tier 1,5.0,15.0,143.53,High
INT0196,8.57,96.3,27.0,89.0,10.0,8.0,9.0,7.0,9.0,3.0,3.0,4.0,27.0,Female,Engineering,Tier 3,12.0,27.0,130.82,High
INT0800,5.41,56.2,8.0,31.5,3.0,7.0,3.0,4.0,1.0,3.0,3.0,7.0,20.0,Male,Data Science,Tier 2,1.0,2.0,51.17,Low
INT0673,5.08,50.0,8.0,41.8,4.0,3.0,7.0,5.0,1.0,3.0,1.0,8.0,21.0,Male,Marketing,Tier 3,2.0,17.0,52.38,Low
INT0108,9.46,88.8,36.0,86.1,8.0,10.0,10.0,10.0,6.0,0.0,5.0,1.0,23.0,Female,Marketing,Tier 1,2.0,23.0,144.88,High
INT0060,8.52,93.5,35.0,92.5,9.0,10.0,9.0,10.0,8.0,0.0,4.0,6.0,24.0,Other,Engineering,Tier 2,1.0,24.0,142.81,High
INT0600,5.96,63.6,21.0,51.4,6.0,5.0,2.0,5.0,5.0,3.0,0.0,13.0,21.0,Female,HR,Tier 2,5.0,13.0,67.26,Low
INT0440,7.52,77.1,25.0,66.7,7.0,5.0,8.0,6.0,8.0,1.0,3.0,3.0,22.0,Male,Finance,Tier 3,12.0,8.0,112.89,Medium
INT0101,7.87,74.4,39.0,70.2,7.0,9.0,7.0,7.0,8.0,0.0,4.0,4.0,21.0,Female,HR,Tier 3,0.0,3.0,128.08,High
INT0478,8.04,74.5,24.0,63.2,7.0,7.0,7.0,8.0,5.0,0.0,5.0,5.0,21.0,Male,Marketing,Tier 1,6.0,16.0,111.97,Medium
INT0719,5.79,55.8,9.0,48.1,1.0,2.0,2.0,2.0,2.0,1.0,3.0,12.0,26.0,Male,Data Science,Tier 2,8.0,14.0,51.15,Low
INT0584,5.54,57.8,5.0,46.2,5.0,3.0,3.0,7.0,2.0,0.0,0.0,6.0,24.0,Male,Engineering,Tier 2,12.0,8.0,60.07,Low
INT0738,6.24,41.0,7.0,61.3,4.0,4.0,3.0,7.0,5.0,2.0,2.0,12.0,20.0,Female,HR,Tier 2,6.0,16.0,63.07,Low
INT0180,8.1,74.4,36.0,83.1,10.0,7.0,7.0,10.0,8.0,0.0,4.0,3.0,24.0,Other,Marketing,Tier 3,11.0,5.0,132.68,High
INT0305,7.27,75.5,22.0,70.2,5.0,6.0,5.0,8.0,8.0,0.0,2.0,3.0,21.0,Male,HR,Tier 2,11.0,25.0,105.65,Medium
INT0430,7.67,74.4,21.0,77.0,6.0,5.0,5.0,7.0,7.0,0.0,2.0,8.0,19.0,Male,Marketing,Tier 3,10.0,27.0,103.74,Medium
INT0508,6.78,68.6,22.0,62.2,7.0,7.0,5.0,7.0,7.0,1.0,4.0,9.0,22.0,Female,Data Science,Tier 3,12.0,7.0,99.25,Medium
INT0771,6.29,65.9,12.0,57.6,1.0,4.0,2.0,7.0,2.0,3.0,3.0,6.0,26.0,Male,Data Science,Tier 2,6.0,4.0,57.47,Low
INT0150,8.41,86.6,33.0,90.0,7.0,7.0,8.0,7.0,8.0,1.0,6.0,2.0,21.0,Male,Engineering,Tier 1,4.0,22.0,132.43,High
INT0125,8.3,87.1,21.0,88.1,9.0,10.0,10.0,7.0,10.0,0.0,7.0,2.0,25.0,Female,Data Science,Tier 2,6.0,15.0,143.88,High
INT0635,6.7,51.5,9.0,57.2,3.0,7.0,3.0,7.0,4.0,3.0,3.0,8.0,26.0,Female,Finance,Tier 3,10.0,1.0,66.77,Low
INT0698,6.32,48.3,4.0,45.0,3.0,4.0,1.0,4.0,6.0,1.0,3.0,7.0,22.0,Male,Engineering,Tier 2,10.0,15.0,63.12,Low
INT0186,9.25,74.4,32.0,70.2,10.0,9.0,8.0,10.0,8.0,0.0,4.0,4.0,23.0,Female,HR,Tier 2,6.0,15.0,136.4,High
INT0542,5.56,74.4,4.0,35.0,1.0,1.0,5.0,3.0,4.0,3.0,0.0,11.0,23.0,Female,Marketing,Tier 2,0.0,5.0,47.6,Low
INT0051,9.93,90.9,33.0,85.5,7.0,7.0,9.0,10.0,10.0,0.0,3.0,3.0,25.0,Female,Engineering,Tier 2,8.0,12.0,143.56,High
INT0488,6.88,78.9,19.0,70.2,5.0,6.0,8.0,5.0,8.0,0.0,5.0,3.0,19.0,Male,Engineering,Tier 2,10.0,25.0,111.5,Medium
INT0790,6.09,45.0,9.0,47.9,6.0,1.0,7.0,2.0,4.0,1.0,0.0,6.0,21.0,Female,Finance,Tier 1,2.0,19.0,69.99,Low
INT0486,6.85,69.1,25.0,65.8,8.0,7.0,8.0,8.0,8.0,1.0,5.0,6.0,25.0,Male,Engineering,Tier 3,4.0,20.0,113.23,Medium
INT0322,7.59,81.7,25.0,65.7,7.0,7.0,6.0,8.0,7.0,1.0,3.0,9.0,24.0,Female,Engineering,Tier 2,2.0,13.0,107.45,Medium
INT0354,7.27,67.4,26.0,73.9,8.0,7.0,6.0,7.0,6.0,0.0,1.0,7.0,21.0,Male,HR,Tier 1,7.0,22.0,107.67,Medium
INT0740,6.38,48.0,13.0,35.1,2.0,3.0,3.0,1.0,5.0,2.0,1.0,15.0,22.0,Male,Data Science,Tier 1,4.0,10.0,55.74,Low
INT0143,8.89,89.4,33.0,86.2,9.0,8.0,8.0,10.0,10.0,0.0,6.0,2.0,22.0,Male,HR,Tier 3,7.0,9.0,145.21,High
INT0371,8.05,76.5,20.0,65.7,6.0,6.0,7.0,7.0,7.0,0.0,2.0,8.0,25.0,Male,Finance,Tier 3,0.0,0.0,107.61,Medium
INT0142,7.27,91.4,27.0,94.2,7.0,7.0,7.0,10.0,6.0,1.0,6.0,4.0,25.0,Female,Data Science,Tier 1,4.0,16.0,119.63,High
INT0400,6.54,77.9,18.0,75.9,6.0,7.0,7.0,6.0,5.0,2.0,5.0,5.0,21.0,Male,Finance,Tier 3,2.0,19.0,98.53,Medium
INT0264,8.94,97.7,31.0,70.2,7.0,7.0,9.0,7.0,10.0,0.0,6.0,1.0,23.0,Male,HR,Tier 2,6.0,27.0,140.56,High
INT0321,7.76,78.1,15.0,77.8,5.0,5.0,6.0,8.0,8.0,1.0,2.0,7.0,20.0,Male,Finance,Tier 2,12.0,26.0,101.61,Medium
INT0020,7.27,97.3,39.0,70.2,8.0,7.0,9.0,8.0,7.0,0.0,8.0,1.0,25.0,Female,Data Science,Tier 2,0.0,12.0,135.31,High
INT0173,8.93,83.1,29.0,83.7,9.0,8.0,7.0,8.0,7.0,0.0,5.0,1.0,22.0,Female,Engineering,Tier 2,7.0,29.0,133.62,High
INT0654,6.78,52.3,4.0,48.6,4.0,5.0,1.0,5.0,5.0,2.0,0.0,9.0,25.0,Female,HR,Tier 3,5.0,3.0,59.98,Low
INT0313,7.49,75.6,17.0,78.9,5.0,8.0,7.0,6.0,6.0,0.0,3.0,3.0,25.0,Female,HR,Tier 2,6.0,19.0,108.78,Medium
INT0391,7.47,66.8,20.0,67.1,8.0,5.0,7.0,5.0,7.0,0.0,5.0,7.0,26.0,Female,Engineering,Tier 3,7.0,29.0,109.42,Medium
INT0746,5.84,53.1,14.0,57.4,6.0,3.0,5.0,2.0,3.0,3.0,3.0,15.0,27.0,Female,Engineering,Tier 1,2.0,7.0,63.91,Low
INT0013,9.63,93.1,29.0,93.7,7.0,10.0,10.0,10.0,9.0,1.0,5.0,2.0,25.0,Male,Marketing,Tier 1,9.0,12.0,145.22,High
INT0408,7.78,78.9,23.0,60.2,8.0,7.0,7.0,6.0,6.0,1.0,1.0,5.0,19.0,Male,Engineering,Tier 1,6.0,4.0,107.0,Medium
INT0409,7.74,81.9,21.0,75.4,5.0,5.0,8.0,5.0,6.0,0.0,1.0,8.0,27.0,Male,Finance,Tier 2,7.0,17.0,105.73,Medium
INT0306,7.35,76.2,18.0,60.8,5.0,7.0,8.0,8.0,5.0,1.0,3.0,9.0,22.0,Male,Engineering,Tier 3,5.0,10.0,97.79,Medium
INT0355,7.81,76.1,20.0,69.9,8.0,7.0,8.0,7.0,6.0,0.0,3.0,3.0,26.0,Male,HR,Tier 2,10.0,5.0,114.94,Medium
INT0026,7.27,82.5,33.0,93.6,7.0,9.0,7.0,7.0,7.0,0.0,5.0,4.0,22.0,Female,HR,Tier 2,2.0,9.0,127.57,High
INT0598,5.46,50.2,5.0,40.0,3.0,2.0,2.0,4.0,1.0,2.0,0.0,12.0,26.0,Male,Marketing,Tier 2,11.0,7.0,40.37,Low
INT0170,9.1,82.9,34.0,95.8,10.0,7.0,9.0,9.0,6.0,0.0,7.0,4.0,26.0,Female,Engineering,Tier 1,4.0,5.0,141.6,High
INT0039,9.31,91.3,40.0,89.1,10.0,9.0,10.0,7.0,7.0,0.0,7.0,1.0,21.0,Male,HR,Tier 2,7.0,18.0,153.06,High
INT0176,8.18,96.6,31.0,97.6,9.0,8.0,10.0,10.0,9.0,0.0,5.0,2.0,26.0,Female,Marketing,Tier 2,8.0,1.0,145.33,High
INT0246,9.84,95.0,21.0,95.6,7.0,8.0,8.0,10.0,10.0,0.0,6.0,6.0,27.0,Female,HR,Tier 1,0.0,19.0,140.73,High
INT0299,7.27,76.1,18.0,70.2,5.0,7.0,7.0,6.0,5.0,1.0,1.0,6.0,21.0,Male,Data Science,Tier 1,2.0,2.0,97.03,Medium
INT0669,5.96,60.5,12.0,45.8,3.0,4.0,5.0,1.0,3.0,3.0,3.0,9.0,21.0,Male,Engineering,Tier 3,11.0,5.0,61.88,Low
INT0417,6.69,70.3,25.0,61.5,7.0,7.0,8.0,6.0,7.0,1.0,3.0,7.0,27.0,Male,Engineering,Tier 3,3.0,9.0,105.91,Medium
INT0549,6.8,50.5,12.0,45.0,2.0,2.0,1.0,5.0,1.0,1.0,1.0,11.0,22.0,Female,Finance,Tier 3,5.0,22.0,51.47,Low
INT0273,7.38,66.9,27.0,67.8,5.0,8.0,7.0,7.0,6.0,0.0,5.0,9.0,26.0,Female,Finance,Tier 2,3.0,11.0,108.81,Medium
INT0612,6.73,54.3,9.0,70.2,4.0,4.0,3.0,3.0,2.0,0.0,1.0,7.0,22.0,Male,Marketing,Tier 1,4.0,11.0,71.31,Low
INT0155,9.97,92.3,38.0,93.4,7.0,7.0,7.0,7.0,9.0,0.0,5.0,4.0,25.0,Female,Finance,Tier 2,8.0,4.0,143.91,High
INT0127,9.6,93.6,21.0,95.9,7.0,9.0,7.0,7.0,7.0,0.0,6.0,4.0,21.0,Male,Marketing,Tier 3,9.0,26.0,134.02,High
INT0450,6.53,79.6,15.0,76.2,8.0,8.0,8.0,7.0,8.0,0.0,4.0,4.0,27.0,Female,Engineering,Tier 1,2.0,29.0,114.8,Medium
INT0572,5.44,48.8,4.0,47.5,4.0,1.0,1.0,5.0,5.0,2.0,1.0,12.0,21.0,Female,Finance,Tier 2,3.0,27.0,48.58,Low
INT0342,7.27,73.8,15.0,66.7,8.0,8.0,5.0,7.0,5.0,0.0,1.0,4.0,24.0,Female,Finance,Tier 2,3.0,29.0,100.59,Medium
INT0431,6.98,74.4,16.0,74.4,5.0,7.0,8.0,7.0,5.0,1.0,2.0,8.0,22.0,Male,HR,Tier 1,12.0,25.0,97.26,Medium
INT0288,7.01,73.6,21.0,75.5,7.0,7.0,7.0,5.0,8.0,0.0,4.0,8.0,24.0,Female,Engineering,Tier 2,2.0,4.0,112.18,Medium
INT0114,9.58,98.0,27.0,84.6,8.0,9.0,7.0,8.0,7.0,0.0,5.0,0.0,25.0,Male,HR,Tier 2,12.0,25.0,137.84,High
INT0500,6.68,72.4,25.0,80.8,6.0,8.0,7.0,8.0,7.0,1.0,3.0,7.0,25.0,Female,Marketing,Tier 2,1.0,16.0,107.94,Medium
INT0174,7.27,99.8,40.0,86.6,8.0,9.0,9.0,8.0,7.0,1.0,5.0,1.0,23.0,Female,Engineering,Tier 3,1.0,15.0,135.87,High
INT0360,6.61,82.4,21.0,71.5,5.0,7.0,8.0,6.0,8.0,0.0,5.0,6.0,23.0,Male,Engineering,Tier 2,7.0,2.0,111.9,Medium
INT0483,7.99,74.4,25.0,76.7,8.0,8.0,6.0,8.0,8.0,1.0,2.0,5.0,23.0,Male,Marketing,Tier 1,6.0,14.0,115.86,Medium
INT0058,8.23,84.7,38.0,70.2,6.0,10.0,7.0,10.0,6.0,0.0,5.0,3.0,26.0,Male,HR,Tier 2,6.0,16.0,127.76,High
INT0553,5.15,52.5,13.0,70.2,4.0,3.0,4.0,5.0,6.0,1.0,0.0,7.0,19.0,Female,Data Science,Tier 2,10.0,24.0,71.31,Low
INT0223,8.01,84.5,21.0,96.9,10.0,7.0,8.0,9.0,7.0,0.0,6.0,0.0,23.0,Female,Engineering,Tier 3,0.0,2.0,132.4,High
INT0281,7.27,74.4,23.0,77.6,7.0,5.0,7.0,8.0,8.0,1.0,3.0,4.0,26.0,Other,Marketing,Tier 3,7.0,30.0,110.36,Medium
INT0018,8.95,95.9,21.0,88.8,10.0,10.0,10.0,7.0,8.0,1.0,7.0,1.0,23.0,Other,Finance,Tier 3,11.0,20.0,142.94,High
INT0128,9.69,74.4,31.0,86.8,10.0,7.0,9.0,7.0,9.0,0.0,8.0,2.0,22.0,Male,Engineering,Tier 3,10.0,17.0,147.38,High
INT0323,7.04,70.5,27.0,74.0,8.0,7.0,5.0,8.0,6.0,2.0,3.0,3.0,21.0,Female,Finance,Tier 2,1.0,29.0,103.94,Medium
INT0256,9.02,89.2,28.0,93.1,9.0,9.0,10.0,8.0,10.0,0.0,5.0,4.0,22.0,Female,HR,Tier 1,11.0,4.0,147.38,High
INT0539,5.04,44.7,6.0,46.4,1.0,4.0,4.0,2.0,5.0,2.0,1.0,7.0,19.0,Female,Data Science,Tier 1,5.0,26.0,54.15,Low
INT0471,7.92,68.4,26.0,81.6,5.0,6.0,8.0,5.0,7.0,2.0,5.0,7.0,23.0,Female,Marketing,Tier 1,2.0,5.0,109.86,Medium
INT0599,6.02,62.1,21.0,39.8,4.0,2.0,1.0,3.0,6.0,3.0,1.0,7.0,27.0,Male,HR,Tier 1,11.0,24.0,62.55,Low
INT0469,7.48,72.2,25.0,68.8,6.0,7.0,6.0,6.0,6.0,3.0,1.0,9.0,23.0,Male,Engineering,Tier 3,7.0,0.0,94.71,Medium
INT0769,5.15,56.5,11.0,47.9,3.0,4.0,1.0,1.0,3.0,1.0,1.0,15.0,23.0,Male,Data Science,Tier 3,12.0,15.0,51.75,Low
INT0191,7.27,83.2,39.0,97.7,10.0,7.0,7.0,9.0,9.0,1.0,5.0,2.0,22.0,Male,Data Science,Tier 2,11.0,4.0,135.6,High
INT0116,9.72,94.2,35.0,92.7,10.0,9.0,7.0,9.0,9.0,0.0,4.0,1.0,22.0,Male,Data Science,Tier 3,2.0,2.0,148.95,High
INT0517,7.23,74.4,18.0,72.0,5.0,5.0,5.0,7.0,5.0,1.0,3.0,4.0,27.0,Female,HR,Tier 3,9.0,15.0,93.98,Medium
INT0710,6.15,49.2,21.0,53.6,4.0,7.0,5.0,2.0,1.0,1.0,0.0,14.0,20.0,Male,Data Science,Tier 1,0.0,20.0,68.6,Low
INT0536,6.63,66.0,5.0,39.7,5.0,4.0,3.0,4.0,1.0,1.0,3.0,12.0,19.0,Female,HR,Tier 2,5.0,26.0,60.56,Low
INT0095,9.5,90.3,33.0,97.3,8.0,7.0,7.0,8.0,9.0,0.0,7.0,4.0,25.0,Female,Marketing,Tier 1,1.0,24.0,143.5,High
INT0181,8.55,90.5,21.0,84.1,10.0,8.0,10.0,8.0,8.0,0.0,5.0,2.0,24.0,Male,Data Science,Tier 2,5.0,24.0,137.69,High
INT0302,6.93,74.4,18.0,63.7,5.0,8.0,6.0,5.0,5.0,0.0,2.0,3.0,24.0,Male,Engineering,Tier 2,5.0,11.0,99.02,Medium
INT0617,6.68,57.7,5.0,58.5,4.0,5.0,1.0,2.0,5.0,3.0,2.0,8.0,19.0,Female,Engineering,Tier 3,11.0,21.0,62.38,Low
INT0582,6.58,58.4,21.0,30.8,3.0,2.0,2.0,7.0,1.0,2.0,0.0,10.0,21.0,Female,Engineering,Tier 3,9.0,12.0,53.24,Low
INT0591,6.11,61.8,7.0,49.9,5.0,2.0,3.0,2.0,6.0,2.0,0.0,7.0,22.0,Female,Data Science,Tier 2,9.0,2.0,64.99,Low
INT0732,5.58,57.9,6.0,35.3,6.0,1.0,7.0,2.0,6.0,3.0,3.0,9.0,22.0,Male,Finance,Tier 2,3.0,2.0,65.37,Low
INT0559,6.54,54.2,16.0,55.5,4.0,5.0,2.0,1.0,1.0,1.0,2.0,8.0,23.0,Female,Engineering,Tier 2,1.0,4.0,65.99,Low
INT0709,6.18,42.6,12.0,33.2,5.0,5.0,4.0,3.0,1.0,1.0,1.0,14.0,19.0,Male,Marketing,Tier 2,12.0,17.0,57.45,Low
INT0543,5.58,74.4,9.0,48.5,2.0,5.0,1.0,2.0,5.0,1.0,1.0,7.0,19.0,Female,Data Science,Tier 1,9.0,16.0,62.98,Low
INT0006,8.14,86.5,26.0,89.9,8.0,8.0,9.0,8.0,8.0,1.0,3.0,6.0,25.0,Female,Data Science,Tier 3,8.0,3.0,127.31,High
INT0786,5.16,52.8,5.0,36.8,1.0,7.0,2.0,3.0,3.0,1.0,2.0,13.0,25.0,Male,HR,Tier 1,6.0,28.0,50.42,Low
INT0046,7.27,98.7,34.0,98.1,10.0,8.0,10.0,7.0,7.0,0.0,4.0,4.0,25.0,Male,HR,Tier 2,4.0,21.0,139.1,High
INT0726,6.5,56.4,11.0,32.5,2.0,4.0,1.0,5.0,2.0,1.0,0.0,12.0,23.0,Female,Finance,Tier 1,0.0,15.0,51.06,Low
INT0158,9.48,85.4,31.0,89.4,7.0,10.0,7.0,9.0,7.0,1.0,4.0,4.0,22.0,Female,Engineering,Tier 1,2.0,21.0,132.21,High
INT0606,6.15,61.1,15.0,32.6,1.0,3.0,2.0,1.0,6.0,2.0,0.0,10.0,27.0,Female,Engineering,Tier 2,6.0,27.0,57.49,Low
INT0172,7.84,84.4,35.0,94.1,7.0,10.0,7.0,7.0,7.0,0.0,5.0,4.0,23.0,Male,Finance,Tier 2,7.0,12.0,132.44,High
INT0017,8.47,91.4,34.0,92.1,9.0,9.0,8.0,8.0,10.0,0.0,5.0,3.0,21.0,Male,Finance,Tier 3,2.0,9.0,145.21,High
INT0512,6.87,81.4,16.0,69.7,5.0,8.0,5.0,6.0,6.0,2.0,1.0,6.0,24.0,Male,Engineering,Tier 2,6.0,5.0,91.73,Medium
INT0049,9.0,74.4,29.0,93.8,7.0,8.0,10.0,8.0,7.0,0.0,3.0,4.0,21.0,Other,Engineering,Tier 3,3.0,15.0,133.52,High
INT0775,6.0,43.1,8.0,58.3,3.0,7.0,3.0,5.0,2.0,1.0,2.0,13.0,22.0,Male,Data Science,Tier 2,10.0,2.0,60.92,Low
INT0758,6.19,46.8,15.0,53.0,5.0,2.0,3.0,5.0,5.0,1.0,2.0,12.0,23.0,Male,Marketing,Tier 3,5.0,7.0,68.18,Low
INT0481,7.28,68.0,15.0,62.5,5.0,8.0,7.0,6.0,5.0,0.0,1.0,6.0,19.0,Female,Data Science,Tier 2,5.0,7.0,97.02,Medium
INT0284,7.61,72.3,20.0,63.5,8.0,5.0,7.0,6.0,7.0,0.0,3.0,8.0,23.0,Male,Finance,Tier 2,8.0,20.0,107.58,Medium
INT0537,5.36,51.3,7.0,70.2,1.0,3.0,3.0,3.0,2.0,2.0,1.0,13.0,24.0,Female,Marketing,Tier 2,10.0,9.0,49.68,Low
INT0226,8.34,91.6,40.0,90.6,9.0,8.0,10.0,9.0,6.0,1.0,3.0,1.0,23.0,Male,Engineering,Tier 1,10.0,6.0,137.82,High
INT0027,8.24,95.6,29.0,95.7,9.0,9.0,7.0,10.0,8.0,0.0,7.0,2.0,23.0,Male,Marketing,Tier 2,0.0,17.0,139.84,High
INT0631,5.0,52.9,21.0,42.9,3.0,3.0,2.0,1.0,3.0,1.0,3.0,10.0,21.0,Male,Finance,Tier 3,3.0,1.0,59.72,Low
INT0438,7.08,84.0,18.0,71.1,6.0,6.0,7.0,5.0,7.0,0.0,4.0,5.0,19.0,Male,Engineering,Tier 1,12.0,30.0,108.44,Medium
INT0365,7.83,75.0,27.0,77.7,8.0,7.0,7.0,7.0,8.0,1.0,1.0,8.0,20.0,Male,Data Science,Tier 1,7.0,10.0,114.61,Medium
INT0230,9.19,87.6,31.0,96.0,8.0,7.0,9.0,9.0,6.0,0.0,5.0,4.0,27.0,Male,HR,Tier 1,10.0,28.0,136.2,High
INT0038,8.01,88.3,33.0,90.6,9.0,7.0,7.0,8.0,9.0,0.0,8.0,0.0,24.0,Female,Finance,Tier 2,8.0,30.0,140.41,High
INT0780,7.27,42.0,14.0,70.2,1.0,7.0,3.0,3.0,3.0,2.0,0.0,12.0,21.0,Male,Finance,Tier 2,8.0,24.0,65.72,Low
INT0375,7.77,77.7,27.0,60.7,7.0,8.0,8.0,7.0,8.0,0.0,2.0,6.0,19.0,Male,Data Science,Tier 2,1.0,7.0,117.88,Medium
INT0470,7.1,74.4,22.0,67.1,7.0,7.0,7.0,5.0,6.0,2.0,3.0,7.0,22.0,Male,Engineering,Tier 1,5.0,11.0,100.98,Medium
INT0772,6.7,49.8,9.0,51.1,5.0,5.0,2.0,1.0,1.0,1.0,0.0,8.0,26.0,Female,Marketing,Tier 2,7.0,19.0,61.09,Low
INT0683,7.27,43.6,13.0,50.3,2.0,1.0,4.0,2.0,3.0,2.0,1.0,7.0,22.0,Male,HR,Tier 3,11.0,7.0,61.08,Low
INT0695,5.57,63.7,21.0,54.8,5.0,4.0,1.0,1.0,6.0,2.0,3.0,10.0,27.0,Female,Marketing,Tier 2,4.0,9.0,71.39,Low
INT0195,8.55,84.5,29.0,92.2,9.0,9.0,10.0,7.0,7.0,0.0,4.0,6.0,24.0,Male,Engineering,Tier 2,8.0,26.0,137.12,High
INT0685,5.71,47.1,7.0,47.1,5.0,2.0,3.0,1.0,3.0,2.0,2.0,11.0,20.0,Male,Engineering,Tier 3,8.0,27.0,54.62,Low
INT0694,5.85,64.2,6.0,45.2,1.0,1.0,2.0,7.0,3.0,3.0,1.0,10.0,27.0,Female,Data Science,Tier 1,11.0,3.0,44.37,Low
INT0504,7.93,83.8,24.0,78.8,5.0,5.0,8.0,6.0,8.0,0.0,3.0,5.0,19.0,Female,Engineering,Tier 3,12.0,6.0,116.45,Medium
INT0774,6.69,62.3,11.0,34.8,3.0,3.0,4.0,4.0,2.0,1.0,3.0,15.0,21.0,Female,Marketing,Tier 2,6.0,15.0,60.37,Low
INT0670,5.48,49.1,9.0,39.9,3.0,3.0,5.0,5.0,2.0,3.0,1.0,12.0,24.0,Female,Data Science,Tier 1,5.0,16.0,48.87,Low
INT0773,6.25,55.6,4.0,53.1,5.0,2.0,5.0,1.0,4.0,1.0,2.0,11.0,24.0,Female,Finance,Tier 2,6.0,8.0,66.36,Low
INT0163,9.19,74.4,26.0,99.7,10.0,8.0,8.0,7.0,9.0,1.0,6.0,0.0,24.0,Male,HR,Tier 2,5.0,1.0,140.86,High
INT0752,5.66,48.5,5.0,57.2,4.0,5.0,5.0,7.0,3.0,3.0,0.0,14.0,27.0,Male,Marketing,Tier 3,5.0,20.0,54.86,Low
INT0153,8.12,98.7,33.0,83.6,10.0,9.0,7.0,8.0,10.0,0.0,8.0,1.0,25.0,Male,Data Science,Tier 2,4.0,7.0,146.4,High
INT0558,6.0,54.2,21.0,59.7,1.0,1.0,1.0,5.0,4.0,2.0,1.0,11.0,19.0,Male,HR,Tier 2,9.0,25.0,56.57,Low
INT0573,6.2,48.7,15.0,42.8,2.0,3.0,3.0,2.0,6.0,2.0,0.0,7.0,22.0,Female,Marketing,Tier 1,12.0,23.0,62.67,Low
INT0676,5.73,45.4,6.0,33.1,4.0,4.0,1.0,3.0,3.0,3.0,2.0,13.0,20.0,Male,Engineering,Tier 3,7.0,5.0,44.45,Low
INT0112,7.27,87.9,21.0,93.4,7.0,9.0,9.0,10.0,7.0,0.0,6.0,1.0,26.0,Female,Marketing,Tier 2,8.0,13.0,128.44,High
INT0227,9.94,98.1,39.0,91.1,7.0,7.0,10.0,10.0,7.0,0.0,3.0,2.0,19.0,Female,Finance,Tier 1,7.0,2.0,145.09,High
INT0793,7.27,42.7,10.0,38.0,5.0,2.0,4.0,1.0,3.0,1.0,0.0,9.0,27.0,Female,Engineering,Tier 2,0.0,12.0,63.69,Low
INT0104,7.27,74.4,36.0,90.5,10.0,9.0,8.0,7.0,10.0,0.0,5.0,2.0,26.0,Female,Marketing,Tier 2,8.0,30.0,140.54,High
INT0422,8.19,81.8,27.0,70.2,8.0,6.0,7.0,5.0,6.0,2.0,1.0,3.0,25.0,Female,Marketing,Tier 1,6.0,24.0,109.87,Medium
INT0420,7.27,81.8,22.0,76.6,5.0,8.0,8.0,6.0,7.0,2.0,1.0,3.0,24.0,Male,Data Science,Tier 3,9.0,9.0,106.67,Medium
INT0120,8.99,91.7,34.0,95.0,10.0,10.0,8.0,7.0,10.0,1.0,4.0,0.0,20.0,Male,Marketing,Tier 1,6.0,28.0,148.12,High
INT0054,9.77,86.3,40.0,85.0,6.0,7.0,9.0,8.0,8.0,0.0,7.0,4.0,20.0,Female,Engineering,Tier 2,4.0,28.0,143.62,High
INT0152,8.33,94.0,27.0,92.4,8.0,9.0,9.0,7.0,7.0,0.0,5.0,3.0,19.0,Male,HR,Tier 2,10.0,20.0,135.9,High
INT0404,7.57,77.6,23.0,63.5,5.0,5.0,6.0,7.0,7.0,0.0,4.0,3.0,25.0,Male,Data Science,Tier 3,4.0,15.0,106.92,Medium
INT0754,6.5,47.3,12.0,59.6,1.0,4.0,5.0,2.0,1.0,2.0,1.0,15.0,24.0,Male,Marketing,Tier 1,7.0,6.0,55.81,Low
INT0208,9.26,88.8,21.0,82.4,9.0,7.0,8.0,7.0,8.0,0.0,5.0,3.0,25.0,Male,Engineering,Tier 1,2.0,9.0,133.14,High
INT0678,5.24,40.7,8.0,32.7,3.0,2.0,2.0,4.0,5.0,1.0,2.0,14.0,22.0,Female,HR,Tier 2,10.0,18.0,50.11,Low
INT0619,6.72,54.7,21.0,44.9,5.0,2.0,1.0,4.0,4.0,3.0,0.0,14.0,24.0,Male,Data Science,Tier 2,1.0,13.0,58.27,Low
INT0009,9.12,99.2,39.0,87.7,7.0,10.0,10.0,7.0,7.0,0.0,8.0,1.0,21.0,Female,Data Science,Tier 2,10.0,22.0,150.4,High
INT0652,6.18,60.4,4.0,39.7,1.0,4.0,2.0,5.0,6.0,2.0,0.0,11.0,19.0,Male,Finance,Tier 2,5.0,15.0,54.12,Low
INT0037,8.47,98.3,32.0,86.4,10.0,9.0,10.0,7.0,9.0,0.0,8.0,3.0,19.0,Male,Data Science,Tier 1,2.0,17.0,150.2,High
INT0453,8.12,71.0,19.0,71.0,6.0,6.0,5.0,6.0,8.0,0.0,4.0,6.0,26.0,Male,Finance,Tier 2,1.0,16.0,109.03,Medium
INT0254,8.5,98.4,29.0,70.2,9.0,9.0,9.0,9.0,6.0,0.0,7.0,4.0,21.0,Female,Data Science,Tier 3,12.0,8.0,134.8,High
INT0304,6.64,66.1,19.0,75.6,8.0,5.0,7.0,8.0,5.0,0.0,5.0,4.0,24.0,Female,Finance,Tier 3,4.0,30.0,104.69,Medium
INT0607,6.58,52.5,4.0,42.9,1.0,4.0,2.0,5.0,6.0,2.0,1.0,8.0,24.0,Male,Data Science,Tier 2,11.0,19.0,57.67,Low
INT0580,6.25,49.8,6.0,30.5,1.0,4.0,3.0,1.0,4.0,3.0,1.0,13.0,23.0,Female,HR,Tier 2,12.0,16.0,46.77,Low
INT0588,7.27,54.8,14.0,46.5,1.0,5.0,3.0,2.0,5.0,2.0,0.0,8.0,21.0,Male,Marketing,Tier 2,6.0,3.0,66.5,Low
INT0263,7.27,82.3,26.0,70.2,10.0,8.0,10.0,10.0,9.0,1.0,8.0,6.0,21.0,Female,Data Science,Tier 3,10.0,22.0,131.06,High
INT0298,7.35,74.4,21.0,70.2,6.0,8.0,7.0,5.0,6.0,0.0,3.0,8.0,23.0,Female,Data Science,Tier 1,12.0,15.0,107.3,Medium
INT0415,6.71,70.7,20.0,61.8,5.0,7.0,5.0,7.0,5.0,3.0,4.0,4.0,23.0,Female,Data Science,Tier 2,7.0,2.0,87.71,Medium
INT0151,9.8,85.1,33.0,88.0,10.0,8.0,10.0,7.0,7.0,0.0,6.0,6.0,27.0,Female,Data Science,Tier 1,3.0,10.0,145.66,High
INT0637,7.27,47.5,10.0,58.5,5.0,2.0,1.0,4.0,3.0,3.0,2.0,10.0,26.0,Male,Data Science,Tier 1,5.0,12.0,58.61,Low
INT0713,5.78,61.2,21.0,46.7,2.0,3.0,5.0,3.0,4.0,1.0,3.0,13.0,25.0,Male,Data Science,Tier 2,1.0,2.0,69.24,Low
INT0551,6.39,50.4,14.0,55.3,1.0,3.0,3.0,2.0,1.0,0.0,0.0,6.0,23.0,Male,Finance,Tier 2,12.0,15.0,60.68,Low
INT0489,7.43,74.5,15.0,65.8,5.0,8.0,7.0,7.0,6.0,0.0,5.0,4.0,25.0,Male,Data Science,Tier 1,0.0,1.0,106.25,Medium
INT0148,8.91,74.4,35.0,88.5,9.0,10.0,10.0,10.0,6.0,0.0,7.0,3.0,22.0,Female,Engineering,Tier 3,9.0,30.0,143.0,High
INT0147,9.14,99.5,28.0,88.8,6.0,9.0,8.0,7.0,10.0,0.0,6.0,6.0,27.0,Female,Marketing,Tier 3,2.0,26.0,140.44,High
INT0589,6.22,59.7,6.0,52.4,3.0,1.0,5.0,5.0,4.0,0.0,0.0,12.0,26.0,Male,HR,Tier 2,0.0,17.0,64.02,Low
INT0743,6.39,45.7,4.0,51.9,3.0,4.0,4.0,3.0,6.0,1.0,0.0,8.0,19.0,Male,Finance,Tier 1,2.0,7.0,66.3,Low
INT0602,6.06,55.4,7.0,60.0,2.0,4.0,2.0,1.0,1.0,1.0,3.0,15.0,26.0,Male,HR,Tier 3,2.0,15.0,53.95,Low
INT0349,6.66,70.4,23.0,68.9,7.0,7.0,8.0,8.0,8.0,0.0,2.0,6.0,27.0,Male,Engineering,Tier 2,2.0,17.0,110.78,Medium
INT0464,6.88,65.3,15.0,67.8,8.0,8.0,8.0,6.0,8.0,0.0,4.0,8.0,20.0,Male,Data Science,Tier 2,4.0,21.0,110.38,Medium
INT0326,7.26,77.8,24.0,80.2,6.0,5.0,7.0,7.0,6.0,0.0,2.0,7.0,23.0,Female,Engineering,Tier 2,6.0,2.0,106.85,Medium
INT0187,9.6,84.2,35.0,91.2,7.0,10.0,7.0,9.0,10.0,0.0,5.0,4.0,25.0,Male,Data Science,Tier 3,5.0,29.0,144.87,High
INT0124,8.04,84.3,27.0,92.9,10.0,7.0,7.0,7.0,8.0,0.0,5.0,6.0,19.0,Female,Engineering,Tier 1,2.0,24.0,130.88,High
INT0684,6.29,54.3,4.0,51.9,1.0,4.0,5.0,5.0,4.0,3.0,1.0,9.0,24.0,Female,Marketing,Tier 2,12.0,3.0,56.48,Low
INT0144,8.46,99.7,38.0,90.2,8.0,9.0,10.0,7.0,7.0,1.0,8.0,1.0,22.0,Female,Finance,Tier 2,1.0,6.0,145.13,High
INT0764,5.59,43.4,6.0,57.6,2.0,5.0,1.0,3.0,6.0,0.0,2.0,6.0,20.0,Female,Marketing,Tier 2,4.0,10.0,65.19,Low
INT0198,9.77,74.4,38.0,89.1,10.0,9.0,7.0,7.0,9.0,0.0,4.0,6.0,20.0,Female,Engineering,Tier 2,3.0,26.0,144.46,High
INT0280,7.26,70.2,21.0,78.8,6.0,5.0,6.0,6.0,5.0,1.0,3.0,8.0,23.0,Female,Finance,Tier 2,1.0,22.0,97.63,Medium
INT0294,8.03,68.6,21.0,75.2,7.0,8.0,7.0,5.0,8.0,3.0,2.0,9.0,21.0,Female,Finance,Tier 2,5.0,25.0,105.15,Medium
INT0401,7.27,68.9,15.0,64.7,8.0,7.0,6.0,6.0,8.0,1.0,2.0,7.0,21.0,Male,Data Science,Tier 2,7.0,27.0,102.56,Medium
INT0123,8.5,89.8,36.0,96.7,6.0,8.0,7.0,8.0,6.0,3.0,6.0,3.0,20.0,Male,Finance,Tier 3,5.0,16.0,123.51,High
INT0184,7.27,98.7,28.0,70.2,10.0,9.0,10.0,8.0,10.0,1.0,4.0,4.0,24.0,Male,Finance,Tier 1,3.0,26.0,134.72,High
INT0203,8.16,88.5,38.0,95.0,8.0,9.0,7.0,7.0,9.0,0.0,8.0,0.0,27.0,Female,Finance,Tier 3,6.0,15.0,145.31,High
INT0439,7.27,65.0,16.0,61.7,5.0,6.0,7.0,8.0,6.0,1.0,3.0,5.0,24.0,Male,HR,Tier 2,9.0,18.0,95.97,Medium
INT0247,8.74,95.0,36.0,93.2,8.0,7.0,7.0,7.0,7.0,0.0,6.0,1.0,21.0,Male,HR,Tier 3,4.0,27.0,138.35,High
INT0416,7.39,73.7,17.0,76.8,5.0,7.0,5.0,6.0,8.0,0.0,3.0,6.0,21.0,Male,Finance,Tier 2,6.0,15.0,105.38,Medium
INT0712,5.05,40.4,13.0,61.6,4.0,2.0,4.0,5.0,6.0,2.0,2.0,7.0,25.0,Female,Marketing,Tier 1,2.0,2.0,65.18,Low
INT0130,8.92,99.8,36.0,92.7,9.0,7.0,9.0,7.0,10.0,0.0,5.0,2.0,23.0,Female,Finance,Tier 2,7.0,6.0,149.29,High
INT0403,7.53,83.9,16.0,75.1,8.0,5.0,6.0,8.0,6.0,1.0,4.0,4.0,24.0,Female,Marketing,Tier 1,4.0,28.0,105.52,Medium
INT0633,6.31,59.6,5.0,36.2,4.0,5.0,2.0,1.0,3.0,2.0,0.0,12.0,26.0,Female,Data Science,Tier 3,7.0,9.0,53.52,Low
INT0624,5.83,50.8,14.0,61.4,2.0,1.0,2.0,1.0,3.0,1.0,2.0,10.0,21.0,Male,Data Science,Tier 3,4.0,17.0,58.02,Low
INT0728,5.81,74.4,6.0,40.3,6.0,5.0,2.0,4.0,4.0,3.0,1.0,9.0,19.0,Male,Finance,Tier 2,5.0,21.0,59.56,Low
INT0220,9.67,98.9,35.0,96.9,10.0,8.0,9.0,9.0,9.0,0.0,8.0,3.0,27.0,Male,Engineering,Tier 2,9.0,15.0,155.69,High
INT0730,6.4,54.9,14.0,38.9,4.0,4.0,2.0,3.0,2.0,2.0,3.0,13.0,20.0,Male,Data Science,Tier 2,10.0,18.0,57.52,Low
INT0610,5.92,53.2,14.0,39.5,3.0,5.0,1.0,2.0,3.0,2.0,3.0,15.0,25.0,Male,Data Science,Tier 1,7.0,5.0,54.36,Low
INT0733,6.22,40.6,8.0,35.6,6.0,3.0,7.0,3.0,2.0,2.0,3.0,13.0,20.0,Female,Marketing,Tier 1,8.0,20.0,61.79,Low
INT0618,5.72,55.8,6.0,40.9,1.0,1.0,5.0,3.0,5.0,2.0,0.0,15.0,25.0,Male,Engineering,Tier 1,12.0,13.0,50.63,Low
INT0387,7.34,83.6,26.0,78.4,8.0,5.0,5.0,5.0,7.0,0.0,2.0,6.0,25.0,Male,Engineering,Tier 2,11.0,11.0,110.58,Medium
INT0776,6.08,57.9,10.0,35.3,5.0,1.0,4.0,5.0,3.0,1.0,3.0,15.0,19.0,Male,HR,Tier 2,1.0,30.0,59.47,Low
INT0510,7.12,82.2,24.0,72.1,8.0,6.0,8.0,5.0,8.0,1.0,5.0,6.0,23.0,Female,HR,Tier 2,0.0,11.0,115.83,Medium
INT0268,7.17,74.4,16.0,67.8,5.0,7.0,7.0,7.0,6.0,3.0,3.0,8.0,26.0,Female,Data Science,Tier 3,0.0,30.0,91.9,Medium
INT0782,6.43,46.6,12.0,42.0,5.0,3.0,3.0,7.0,5.0,2.0,3.0,7.0,22.0,Male,Marketing,Tier 2,9.0,11.0,67.11,Low
INT0442,7.82,82.5,21.0,65.3,5.0,6.0,5.0,8.0,6.0,0.0,1.0,7.0,26.0,Male,Data Science,Tier 3,6.0,20.0,100.42,Medium
INT0497,7.48,70.5,17.0,70.2,5.0,6.0,7.0,8.0,8.0,2.0,1.0,3.0,20.0,Male,Data Science,Tier 2,7.0,29.0,99.83,Medium
INT0113,9.85,84.2,34.0,70.2,9.0,8.0,7.0,10.0,8.0,0.0,5.0,3.0,27.0,Male,HR,Tier 3,6.0,8.0,138.27,High
INT0233,9.07,74.4,29.0,98.9,9.0,8.0,7.0,10.0,9.0,0.0,7.0,1.0,23.0,Female,Engineering,Tier 2,6.0,13.0,141.92,High
INT0699,6.78,49.9,6.0,48.4,3.0,5.0,3.0,3.0,3.0,1.0,1.0,8.0,20.0,Female,Data Science,Tier 2,6.0,11.0,63.19,Low
INT0608,6.22,51.7,7.0,42.0,1.0,3.0,1.0,7.0,1.0,2.0,1.0,12.0,21.0,Male,Finance,Tier 2,6.0,0.0,42.43,Low
INT0374,7.89,76.2,23.0,66.5,8.0,5.0,8.0,8.0,5.0,0.0,5.0,8.0,23.0,Female,Data Science,Tier 3,9.0,24.0,111.19,Medium
INT0234,8.88,92.3,27.0,97.8,10.0,7.0,7.0,7.0,8.0,0.0,5.0,3.0,27.0,Male,Engineering,Tier 2,1.0,19.0,137.93,High
INT0634,6.44,74.4,16.0,47.2,4.0,1.0,1.0,2.0,4.0,0.0,2.0,6.0,26.0,Female,Marketing,Tier 2,4.0,11.0,70.36,Low
INT0318,8.05,68.2,24.0,73.6,8.0,8.0,6.0,8.0,5.0,0.0,4.0,6.0,20.0,Female,Engineering,Tier 1,4.0,15.0,112.55,Medium
INT0411,6.82,73.6,23.0,77.0,7.0,6.0,7.0,6.0,7.0,3.0,3.0,8.0,21.0,Female,Finance,Tier 2,9.0,11.0,99.52,Medium
INT0718,7.27,74.4,7.0,50.6,1.0,3.0,1.0,3.0,6.0,1.0,2.0,12.0,26.0,Male,Data Science,Tier 2,7.0,24.0,65.76,Low
INT0359,6.66,67.4,25.0,80.3,5.0,6.0,6.0,8.0,6.0,2.0,1.0,9.0,25.0,Female,HR,Tier 3,12.0,22.0,93.31,Medium
INT0259,9.05,84.8,37.0,86.2,6.0,8.0,8.0,9.0,9.0,0.0,8.0,1.0,21.0,Male,Engineering,Tier 2,8.0,13.0,143.16,High
INT0628,6.5,61.0,11.0,60.5,3.0,1.0,3.0,1.0,1.0,2.0,1.0,11.0,22.0,Female,HR,Tier 3,10.0,6.0,55.35,Low
INT0283,6.71,80.2,21.0,75.3,6.0,5.0,8.0,7.0,7.0,0.0,4.0,5.0,27.0,Male,Finance,Tier 2,5.0,30.0,109.33,Medium
INT0377,7.02,81.7,22.0,71.5,7.0,7.0,8.0,6.0,6.0,3.0,4.0,6.0,19.0,Male,Finance,Tier 1,3.0,10.0,102.94,Medium
INT0385,8.15,75.1,24.0,66.8,6.0,6.0,8.0,7.0,5.0,0.0,1.0,6.0,22.0,Female,Data Science,Tier 3,10.0,3.0,107.83,Medium
INT0225,8.38,93.2,37.0,84.2,10.0,9.0,10.0,9.0,8.0,0.0,8.0,2.0,22.0,Male,Marketing,Tier 3,7.0,26.0,149.64,High
INT0760,7.27,52.1,13.0,43.9,2.0,3.0,4.0,4.0,5.0,3.0,3.0,6.0,19.0,Male,Engineering,Tier 1,3.0,21.0,66.97,Low
INT0658,5.3,62.7,5.0,42.2,2.0,3.0,2.0,3.0,3.0,2.0,1.0,8.0,27.0,Female,Data Science,Tier 2,11.0,2.0,48.75,Low
INT0473,8.05,66.3,27.0,66.9,6.0,6.0,7.0,6.0,6.0,0.0,4.0,6.0,25.0,Female,Finance,Tier 3,2.0,21.0,110.83,Medium
INT0348,6.54,74.4,23.0,72.2,7.0,7.0,8.0,8.0,7.0,0.0,4.0,5.0,26.0,Male,Data Science,Tier 3,12.0,17.0,112.06,Medium
INT0506,6.65,74.0,17.0,62.3,6.0,5.0,7.0,7.0,6.0,1.0,4.0,9.0,20.0,Female,Marketing,Tier 3,12.0,4.0,94.76,Medium
INT0640,6.03,56.8,6.0,50.0,5.0,4.0,5.0,1.0,1.0,3.0,1.0,8.0,27.0,Male,Finance,Tier 3,12.0,25.0,56.94,Low
INT0789,6.15,74.4,13.0,61.6,3.0,5.0,1.0,5.0,5.0,3.0,0.0,11.0,22.0,Male,Finance,Tier 2,5.0,18.0,62.38,Low
INT0741,6.7,56.0,5.0,31.7,1.0,7.0,3.0,1.0,1.0,3.0,3.0,13.0,27.0,Female,HR,Tier 1,3.0,0.0,48.84,Low
INT0723,6.14,74.4,4.0,31.3,4.0,5.0,4.0,1.0,1.0,1.0,1.0,15.0,23.0,Female,Finance,Tier 2,0.0,13.0,55.68,Low
INT0620,6.27,62.4,6.0,58.7,4.0,3.0,2.0,2.0,4.0,3.0,2.0,12.0,20.0,Male,Marketing,Tier 1,0.0,18.0,57.38,Low
INT0686,6.63,41.7,13.0,51.3,5.0,1.0,2.0,4.0,4.0,3.0,3.0,15.0,20.0,Female,Data Science,Tier 2,2.0,8.0,56.34,Low
INT0646,5.07,63.3,11.0,30.6,3.0,4.0,1.0,5.0,2.0,3.0,0.0,11.0,24.0,Female,HR,Tier 2,2.0,20.0,41.99,Low
INT0679,6.47,74.4,6.0,42.2,4.0,4.0,2.0,3.0,1.0,1.0,2.0,13.0,23.0,Female,Engineering,Tier 1,10.0,27.0,57.38,Low
INT0557,6.26,60.5,5.0,61.0,3.0,3.0,4.0,1.0,4.0,2.0,3.0,15.0,20.0,Male,Data Science,Tier 2,6.0,27.0,61.61,Low
INT0578,5.82,59.2,15.0,70.2,1.0,2.0,3.0,5.0,2.0,3.0,1.0,11.0,27.0,Female,HR,Tier 1,6.0,1.0,53.5,Low
INT0086,8.52,87.0,27.0,93.6,8.0,9.0,7.0,9.0,9.0,0.0,7.0,3.0,25.0,Male,HR,Tier 3,9.0,19.0,138.25,High
INT0243,9.81,96.4,26.0,85.5,7.0,7.0,10.0,10.0,8.0,2.0,7.0,2.0,25.0,Other,Engineering,Tier 2,0.0,7.0,136.7,High
INT0160,9.4,74.4,28.0,96.8,8.0,8.0,9.0,7.0,10.0,0.0,4.0,1.0,25.0,Male,Engineering,Tier 1,3.0,1.0,143.42,High
INT0525,7.67,75.3,18.0,68.1,5.0,8.0,5.0,5.0,7.0,1.0,2.0,7.0,27.0,Female,Engineering,Tier 3,7.0,21.0,100.19,Medium
INT0036,9.58,89.9,31.0,91.5,6.0,10.0,8.0,10.0,7.0,0.0,5.0,0.0,27.0,Female,Data Science,Tier 2,5.0,0.0,140.0,High
INT0541,6.19,58.9,14.0,49.7,3.0,2.0,5.0,3.0,2.0,0.0,3.0,8.0,24.0,Female,Finance,Tier 3,7.0,17.0,69.44,Low
INT0171,7.27,88.1,30.0,86.4,9.0,10.0,9.0,9.0,8.0,0.0,3.0,0.0,20.0,Female,Marketing,Tier 1,5.0,23.0,135.27,High
INT0655,7.27,63.4,10.0,55.1,2.0,7.0,7.0,3.0,1.0,1.0,0.0,13.0,26.0,Female,Finance,Tier 2,9.0,1.0,71.11,Low
INT0688,5.81,43.0,21.0,45.7,6.0,3.0,7.0,2.0,3.0,1.0,3.0,13.0,27.0,Male,Finance,Tier 3,12.0,20.0,74.03,Low
INT0680,6.79,48.4,8.0,56.9,3.0,2.0,4.0,3.0,2.0,2.0,3.0,15.0,24.0,Male,Marketing,Tier 2,3.0,24.0,57.4,Low
INT0753,5.75,57.0,6.0,57.0,4.0,3.0,3.0,3.0,2.0,3.0,0.0,14.0,23.0,Male,Finance,Tier 2,10.0,12.0,48.95,Low
INT0096,8.89,95.5,38.0,94.1,8.0,8.0,10.0,9.0,8.0,1.0,6.0,0.0,24.0,Female,HR,Tier 2,3.0,30.0,146.31,High
INT0564,6.6,74.4,15.0,41.2,6.0,4.0,5.0,2.0,3.0,2.0,3.0,10.0,24.0,Male,Engineering,Tier 2,12.0,22.0,74.1,Low
INT0241,9.87,74.4,35.0,89.0,7.0,10.0,7.0,10.0,6.0,1.0,4.0,3.0,20.0,Female,HR,Tier 1,2.0,10.0,132.54,High
INT0575,5.81,55.6,14.0,31.8,2.0,2.0,2.0,5.0,5.0,3.0,1.0,12.0,25.0,Male,Engineering,Tier 3,9.0,17.0,49.94,Low
INT0461,6.52,70.1,20.0,78.0,7.0,7.0,6.0,7.0,8.0,1.0,3.0,3.0,26.0,Male,Engineering,Tier 2,11.0,11.0,106.39,Medium
INT0554,6.57,64.4,21.0,32.7,3.0,1.0,1.0,7.0,5.0,3.0,3.0,11.0,22.0,Female,Marketing,Tier 1,3.0,21.0,58.98,Low
INT0705,5.19,74.4,7.0,59.9,2.0,1.0,3.0,5.0,5.0,2.0,0.0,9.0,19.0,Male,Marketing,Tier 1,4.0,8.0,56.5,Low
INT0207,7.27,89.9,34.0,87.8,10.0,9.0,10.0,8.0,10.0,0.0,8.0,4.0,26.0,Male,Marketing,Tier 3,4.0,1.0,146.93,High
INT0393,8.09,72.7,26.0,81.9,8.0,6.0,7.0,5.0,6.0,3.0,4.0,5.0,21.0,Other,Engineering,Tier 3,3.0,9.0,108.95,Medium
INT0398,6.93,78.8,25.0,71.6,8.0,7.0,6.0,7.0,7.0,0.0,4.0,8.0,19.0,Female,Marketing,Tier 3,7.0,15.0,111.56,Medium
INT0681,5.59,41.0,21.0,59.0,5.0,7.0,5.0,4.0,1.0,1.0,0.0,14.0,21.0,Male,Data Science,Tier 2,1.0,27.0,67.71,Low
INT0218,9.44,93.2,39.0,84.5,7.0,9.0,7.0,8.0,6.0,0.0,4.0,2.0,23.0,Female,HR,Tier 1,7.0,30.0,137.04,High
INT0005,8.14,97.3,39.0,98.7,10.0,7.0,7.0,9.0,6.0,0.0,5.0,3.0,25.0,Male,Finance,Tier 1,3.0,13.0,137.9,High
INT0643,6.28,61.1,7.0,55.6,2.0,1.0,7.0,5.0,5.0,2.0,0.0,10.0,20.0,Male,Marketing,Tier 3,9.0,2.0,64.7,Low
INT0717,5.95,44.5,14.0,53.1,2.0,3.0,4.0,1.0,4.0,1.0,2.0,13.0,20.0,Female,HR,Tier 3,12.0,0.0,62.4,Low
INT0613,5.46,64.8,13.0,70.2,2.0,1.0,2.0,1.0,4.0,3.0,3.0,7.0,20.0,Female,Marketing,Tier 3,11.0,4.0,58.4,Low
INT0547,6.67,55.0,4.0,44.8,1.0,4.0,1.0,2.0,4.0,2.0,3.0,10.0,20.0,Male,HR,Tier 2,0.0,14.0,53.99,Low
INT0099,7.86,94.8,34.0,84.7,8.0,7.0,8.0,7.0,9.0,0.0,7.0,1.0,22.0,Female,Engineering,Tier 3,5.0,27.0,138.9,High
INT0574,6.33,41.1,8.0,43.8,2.0,4.0,2.0,7.0,3.0,1.0,3.0,11.0,20.0,Male,Marketing,Tier 2,12.0,28.0,56.14,Low
INT0407,7.66,65.3,22.0,67.2,7.0,5.0,7.0,8.0,8.0,1.0,3.0,7.0,20.0,Male,Marketing,Tier 2,0.0,30.0,106.47,Medium
INT0503,7.75,77.8,24.0,70.2,5.0,7.0,6.0,7.0,5.0,1.0,3.0,9.0,26.0,Male,Finance,Tier 2,10.0,21.0,100.91,Medium
INT0048,8.94,86.6,21.0,99.2,7.0,7.0,10.0,7.0,8.0,0.0,6.0,3.0,24.0,Female,Data Science,Tier 2,3.0,19.0,136.49,High
INT0033,7.94,88.3,30.0,96.6,10.0,8.0,10.0,7.0,10.0,0.0,8.0,4.0,26.0,Female,Data Science,Tier 2,12.0,4.0,147.93,High
INT0201,9.21,94.0,32.0,70.2,10.0,9.0,7.0,8.0,6.0,0.0,8.0,1.0,27.0,Male,Data Science,Tier 2,1.0,10.0,138.88,High
INT0135,9.87,86.4,30.0,90.0,10.0,7.0,9.0,9.0,7.0,1.0,6.0,0.0,22.0,Female,Marketing,Tier 3,11.0,2.0,142.04,High
INT0028,8.93,93.2,37.0,91.0,9.0,9.0,10.0,8.0,8.0,0.0,4.0,1.0,20.0,Male,HR,Tier 1,4.0,28.0,148.2,High
INT0707,5.96,58.9,10.0,34.9,1.0,3.0,2.0,1.0,2.0,2.0,2.0,12.0,25.0,Female,Data Science,Tier 3,4.0,1.0,47.36,Low
INT0231,9.55,86.5,29.0,84.2,8.0,8.0,10.0,8.0,10.0,1.0,4.0,2.0,22.0,Female,Marketing,Tier 1,11.0,17.0,142.12,High
INT0490,7.66,72.9,21.0,76.2,8.0,7.0,8.0,8.0,8.0,1.0,5.0,6.0,27.0,Male,Finance,Tier 3,3.0,10.0,117.12,Medium
INT0379,7.08,71.0,22.0,70.2,5.0,8.0,8.0,6.0,6.0,1.0,1.0,3.0,25.0,Male,Marketing,Tier 2,1.0,28.0,104.01,Medium
INT0289,7.27,67.2,18.0,78.1,8.0,5.0,6.0,8.0,8.0,0.0,3.0,7.0,27.0,Male,Marketing,Tier 2,1.0,28.0,108.08,Medium
INT0419,8.2,68.0,17.0,63.8,8.0,8.0,7.0,8.0,6.0,1.0,4.0,4.0,25.0,Female,Engineering,Tier 3,6.0,16.0,109.46,Medium
INT0675,5.96,46.2,21.0,48.3,6.0,4.0,1.0,2.0,5.0,1.0,3.0,10.0,21.0,Female,Data Science,Tier 1,4.0,20.0,71.53,Low
INT0392,7.27,65.5,25.0,82.0,8.0,7.0,6.0,6.0,7.0,3.0,5.0,8.0,23.0,Female,Data Science,Tier 2,11.0,22.0,105.01,Medium
INT0593,5.86,57.9,6.0,39.6,2.0,1.0,5.0,4.0,5.0,1.0,2.0,15.0,27.0,Female,HR,Tier 2,5.0,3.0,57.75,Low
INT0499,7.27,67.2,21.0,69.2,6.0,5.0,6.0,6.0,6.0,1.0,4.0,5.0,26.0,Male,Marketing,Tier 2,6.0,20.0,99.8,Medium
INT0139,8.6,74.4,30.0,93.5,9.0,9.0,9.0,9.0,10.0,0.0,8.0,1.0,24.0,Female,Data Science,Tier 2,11.0,4.0,147.26,High
INT0063,9.62,98.1,34.0,89.2,7.0,7.0,7.0,8.0,10.0,0.0,7.0,3.0,19.0,Female,Engineering,Tier 1,12.0,4.0,145.03,High
INT0472,7.34,83.2,21.0,63.0,7.0,5.0,6.0,8.0,6.0,0.0,5.0,4.0,22.0,Male,Finance,Tier 1,4.0,0.0,107.24,Medium
INT0648,5.73,56.6,16.0,43.4,5.0,3.0,4.0,3.0,4.0,1.0,2.0,14.0,19.0,Male,Engineering,Tier 3,4.0,14.0,66.39,Low
INT0129,7.82,88.4,33.0,93.6,10.0,9.0,10.0,8.0,6.0,1.0,6.0,1.0,20.0,Female,Finance,Tier 3,10.0,12.0,138.06,High
INT0779,5.06,50.5,9.0,44.1,1.0,2.0,5.0,2.0,2.0,1.0,2.0,11.0,26.0,Male,Marketing,Tier 1,10.0,1.0,51.53,Low
INT0521,7.27,79.7,16.0,61.6,7.0,5.0,8.0,6.0,8.0,1.0,3.0,4.0,23.0,Male,Marketing,Tier 2,8.0,5.0,106.25,Medium
INT0065,8.42,94.0,34.0,96.8,10.0,9.0,10.0,9.0,7.0,0.0,8.0,1.0,22.0,Female,HR,Tier 2,8.0,2.0,149.44,High
INT0015,8.2,84.0,39.0,93.3,10.0,7.0,8.0,10.0,8.0,0.0,4.0,0.0,22.0,Male,Engineering,Tier 2,6.0,4.0,141.36,High
INT0157,9.28,95.9,26.0,85.1,8.0,10.0,10.0,7.0,10.0,0.0,8.0,1.0,22.0,Female,Engineering,Tier 1,0.0,6.0,151.02,High
INT0041,8.07,89.1,21.0,95.4,6.0,8.0,10.0,7.0,6.0,0.0,8.0,2.0,26.0,Female,Marketing,Tier 2,2.0,9.0,130.82,High
INT0493,7.3,74.4,24.0,61.8,8.0,7.0,7.0,8.0,6.0,0.0,3.0,8.0,21.0,Male,Data Science,Tier 2,6.0,20.0,108.72,Medium
INT0380,7.63,76.8,20.0,81.9,8.0,5.0,7.0,8.0,6.0,0.0,3.0,6.0,25.0,Male,Finance,Tier 3,11.0,7.0,111.02,Medium
INT0188,9.02,95.2,35.0,96.9,10.0,7.0,7.0,7.0,7.0,0.0,7.0,4.0,24.0,Male,Data Science,Tier 2,4.0,12.0,142.24,High
INT0217,8.52,98.3,28.0,92.9,10.0,10.0,7.0,9.0,8.0,0.0,5.0,1.0,22.0,Female,Data Science,Tier 2,6.0,12.0,141.5,High
INT0053,9.87,74.4,38.0,85.5,7.0,10.0,10.0,9.0,9.0,0.0,8.0,6.0,19.0,Male,HR,Tier 3,0.0,5.0,150.24,High
INT0338,7.24,78.7,27.0,70.2,6.0,5.0,7.0,7.0,8.0,0.0,3.0,6.0,27.0,Female,Engineering,Tier 1,9.0,5.0,111.91,Medium
INT0296,7.25,71.9,24.0,67.6,8.0,8.0,6.0,5.0,8.0,0.0,5.0,6.0,26.0,Female,Finance,Tier 1,5.0,3.0,115.7,Medium
INT0702,6.38,52.5,4.0,42.3,1.0,3.0,2.0,1.0,4.0,1.0,3.0,12.0,22.0,Female,Engineering,Tier 2,4.0,2.0,54.55,Low
INT0252,8.65,74.4,38.0,96.1,8.0,7.0,8.0,7.0,10.0,0.0,4.0,0.0,22.0,Female,Finance,Tier 2,9.0,8.0,142.78,High
INT0462,8.07,74.9,18.0,70.2,8.0,8.0,7.0,7.0,6.0,0.0,3.0,8.0,26.0,Male,Engineering,Tier 2,2.0,25.0,111.75,Medium
INT0456,7.82,81.9,21.0,73.7,5.0,7.0,6.0,7.0,5.0,0.0,5.0,4.0,22.0,Male,Finance,Tier 3,9.0,12.0,108.51,Medium
INT0798,5.88,51.7,16.0,33.5,1.0,5.0,2.0,4.0,2.0,3.0,1.0,15.0,21.0,Female,Finance,Tier 2,11.0,12.0,45.58,Low
INT0270,7.27,79.5,25.0,70.2,8.0,7.0,7.0,7.0,6.0,0.0,1.0,7.0,22.0,Female,Engineering,Tier 3,8.0,8.0,110.05,Medium
INT0202,7.99,91.4,27.0,91.6,10.0,10.0,8.0,9.0,10.0,0.0,7.0,4.0,22.0,Female,Engineering,Tier 2,6.0,26.0,143.89,High
INT0162,9.19,86.4,37.0,87.4,10.0,10.0,9.0,8.0,8.0,1.0,8.0,3.0,24.0,Female,Data Science,Tier 2,9.0,18.0,148.4,High
INT0556,5.73,50.8,11.0,57.9,3.0,3.0,4.0,3.0,5.0,1.0,0.0,11.0,20.0,Female,Engineering,Tier 2,12.0,8.0,64.42,Low
INT0402,7.37,79.2,27.0,62.3,7.0,5.0,7.0,8.0,6.0,2.0,5.0,5.0,25.0,Female,Finance,Tier 2,12.0,2.0,104.92,Medium
INT0703,5.65,50.4,7.0,47.0,1.0,5.0,4.0,4.0,2.0,0.0,1.0,10.0,21.0,Female,Data Science,Tier 2,12.0,3.0,57.76,Low
INT0477,8.17,65.1,20.0,63.9,6.0,8.0,8.0,7.0,6.0,0.0,5.0,8.0,19.0,Female,Marketing,Tier 1,0.0,5.0,111.22,Medium
INT0106,7.27,86.4,33.0,85.2,8.0,10.0,7.0,7.0,6.0,0.0,7.0,1.0,21.0,Female,HR,Tier 2,8.0,22.0,130.68,High
INT0566,5.27,74.4,14.0,54.2,5.0,1.0,4.0,1.0,6.0,3.0,1.0,10.0,24.0,Male,Engineering,Tier 2,2.0,20.0,64.98,Low
INT0390,7.27,79.4,26.0,81.3,7.0,6.0,6.0,5.0,5.0,0.0,4.0,3.0,20.0,Female,Marketing,Tier 1,9.0,15.0,111.25,Medium
INT0002,9.89,92.0,29.0,84.0,10.0,8.0,7.0,9.0,10.0,0.0,5.0,4.0,23.0,Male,Data Science,Tier 3,0.0,11.0,144.86,High
INT0768,5.87,43.9,4.0,49.3,5.0,1.0,1.0,7.0,2.0,2.0,3.0,12.0,22.0,Male,Finance,Tier 2,6.0,25.0,47.42,Low
INT0562,5.87,47.0,9.0,43.8,3.0,5.0,3.0,5.0,5.0,1.0,1.0,11.0,20.0,Female,HR,Tier 2,1.0,21.0,62.19,Low
INT0081,9.7,74.4,26.0,82.0,10.0,7.0,10.0,7.0,10.0,0.0,6.0,3.0,19.0,Female,Finance,Tier 3,6.0,9.0,145.26,High
INT0206,7.82,96.7,26.0,96.7,9.0,10.0,7.0,9.0,9.0,0.0,6.0,6.0,23.0,Female,Finance,Tier 3,12.0,16.0,137.22,High
INT0035,7.27,89.1,37.0,84.7,9.0,9.0,7.0,9.0,10.0,2.0,5.0,6.0,20.0,Male,Engineering,Tier 1,10.0,4.0,130.78,High
INT0509,6.71,73.8,27.0,60.2,7.0,7.0,5.0,8.0,7.0,0.0,3.0,6.0,25.0,Female,Data Science,Tier 3,9.0,28.0,105.35,Medium
INT0428,7.67,67.1,16.0,81.7,5.0,6.0,8.0,7.0,6.0,0.0,3.0,7.0,26.0,Female,Data Science,Tier 1,2.0,16.0,105.69,Medium
INT0455,7.84,78.0,27.0,73.4,7.0,7.0,6.0,5.0,6.0,1.0,5.0,9.0,25.0,Male,Marketing,Tier 3,4.0,13.0,110.44,Medium
INT0367,7.27,67.1,20.0,80.3,8.0,7.0,5.0,7.0,8.0,0.0,3.0,8.0,20.0,Male,Finance,Tier 2,4.0,17.0,109.61,Medium
INT0092,9.37,90.7,21.0,86.6,7.0,9.0,8.0,7.0,6.0,0.0,4.0,6.0,19.0,Male,Marketing,Tier 2,8.0,20.0,127.61,High
INT0340,7.84,82.4,15.0,69.8,6.0,5.0,7.0,7.0,6.0,0.0,1.0,5.0,20.0,Female,HR,Tier 3,10.0,1.0,103.28,Medium
INT0565,5.3,74.4,5.0,40.5,4.0,1.0,2.0,5.0,4.0,1.0,3.0,8.0,26.0,Female,Finance,Tier 2,6.0,24.0,57.76,Low
INT0346,7.19,80.6,18.0,79.5,6.0,6.0,7.0,8.0,8.0,1.0,1.0,4.0,24.0,Male,Finance,Tier 3,5.0,9.0,106.55,Medium
INT0242,9.9,89.2,31.0,92.2,9.0,8.0,7.0,9.0,7.0,0.0,7.0,4.0,27.0,Male,Finance,Tier 3,12.0,15.0,141.62,High
INT0014,8.27,88.4,27.0,87.9,7.0,10.0,7.0,9.0,7.0,0.0,5.0,2.0,25.0,Male,HR,Tier 3,1.0,28.0,130.52,High
INT0316,7.63,67.0,21.0,61.7,7.0,5.0,6.0,5.0,8.0,0.0,5.0,3.0,22.0,Female,Finance,Tier 2,2.0,26.0,110.21,Medium
INT0601,5.25,53.2,13.0,52.6,2.0,1.0,4.0,3.0,1.0,0.0,3.0,10.0,27.0,Male,Marketing,Tier 2,12.0,13.0,57.4,Low
INT0388,7.27,79.1,18.0,74.4,6.0,6.0,8.0,5.0,5.0,1.0,5.0,4.0,19.0,Male,HR,Tier 2,2.0,7.0,105.42,Medium
INT0274,7.73,65.3,18.0,67.2,7.0,6.0,6.0,8.0,5.0,3.0,1.0,6.0,24.0,Male,Data Science,Tier 2,12.0,12.0,90.66,Medium
INT0167,8.51,84.8,38.0,99.5,9.0,8.0,9.0,7.0,6.0,0.0,3.0,2.0,24.0,Female,HR,Tier 3,12.0,9.0,138.96,High
INT0794,5.23,58.5,6.0,34.5,1.0,4.0,2.0,4.0,1.0,3.0,0.0,10.0,19.0,Female,Engineering,Tier 1,6.0,0.0,37.49,Low
INT0647,5.7,58.6,12.0,53.5,4.0,5.0,1.0,4.0,2.0,0.0,1.0,9.0,25.0,Female,Data Science,Tier 1,8.0,0.0,62.59,Low
INT0485,8.11,77.7,17.0,79.5,5.0,6.0,7.0,5.0,7.0,1.0,3.0,4.0,24.0,Female,Data Science,Tier 3,11.0,1.0,107.8,Medium
INT0783,6.05,48.1,15.0,57.1,5.0,4.0,3.0,5.0,5.0,0.0,0.0,8.0,23.0,Male,Data Science,Tier 3,10.0,29.0,74.03,Low
INT0505,7.43,81.8,24.0,70.2,6.0,8.0,8.0,6.0,8.0,0.0,3.0,4.0,26.0,Male,Finance,Tier 2,1.0,1.0,118.03,High
INT0244,8.61,84.7,31.0,85.8,9.0,10.0,9.0,7.0,8.0,0.0,8.0,0.0,26.0,Male,Finance,Tier 3,5.0,8.0,145.5,High
INT0567,6.04,48.9,9.0,44.5,6.0,4.0,3.0,4.0,4.0,1.0,3.0,10.0,27.0,Female,Marketing,Tier 2,6.0,20.0,67.09,Low
INT0563,5.64,74.4,6.0,49.0,2.0,1.0,7.0,4.0,5.0,1.0,1.0,14.0,25.0,Male,HR,Tier 1,8.0,21.0,64.32,Low
INT0687,6.01,74.4,8.0,37.5,3.0,1.0,3.0,2.0,6.0,1.0,2.0,14.0,19.0,Male,Finance,Tier 2,6.0,7.0,61.8,Low
INT0190,8.33,85.3,30.0,99.0,7.0,8.0,7.0,7.0,9.0,0.0,8.0,0.0,24.0,Female,HR,Tier 2,1.0,30.0,139.62,High
INT0700,5.49,56.0,8.0,70.2,5.0,3.0,4.0,1.0,5.0,1.0,1.0,13.0,26.0,Male,Engineering,Tier 2,10.0,25.0,68.2,Low
INT0476,7.27,74.4,22.0,70.4,6.0,5.0,7.0,5.0,8.0,0.0,5.0,3.0,20.0,Female,HR,Tier 2,2.0,12.0,112.42,Medium
INT0682,5.69,63.9,14.0,32.3,5.0,7.0,3.0,1.0,4.0,1.0,3.0,15.0,19.0,Female,Engineering,Tier 3,8.0,20.0,67.61,Low
INT0511,6.89,66.0,24.0,81.4,5.0,7.0,8.0,5.0,7.0,1.0,2.0,9.0,26.0,Male,HR,Tier 1,10.0,6.0,104.54,Medium
INT0059,7.9,74.4,39.0,70.2,7.0,8.0,7.0,9.0,8.0,1.0,7.0,0.0,23.0,Female,Marketing,Tier 2,11.0,28.0,129.0,High
INT0475,7.27,74.6,27.0,70.5,8.0,5.0,8.0,8.0,7.0,1.0,2.0,3.0,19.0,Male,HR,Tier 1,1.0,21.0,111.77,Medium
INT0561,5.94,50.4,14.0,55.0,2.0,1.0,3.0,4.0,6.0,1.0,2.0,15.0,24.0,Male,Engineering,Tier 1,4.0,30.0,62.42,Low
INT0748,6.55,74.4,15.0,32.2,2.0,5.0,1.0,4.0,2.0,2.0,1.0,6.0,25.0,Other,Finance,Tier 1,1.0,16.0,58.1,Low
INT0253,9.67,85.3,37.0,86.8,6.0,8.0,10.0,8.0,8.0,0.0,7.0,3.0,25.0,Female,HR,Tier 2,1.0,15.0,145.44,High
INT0022,8.11,92.1,34.0,90.0,7.0,7.0,7.0,7.0,10.0,1.0,7.0,4.0,23.0,Male,Engineering,Tier 2,5.0,10.0,134.75,High
INT0314,7.33,74.4,15.0,75.4,7.0,5.0,6.0,7.0,8.0,1.0,3.0,6.0,19.0,Female,HR,Tier 1,7.0,18.0,103.36,Medium
INT0460,7.32,67.0,26.0,79.9,5.0,5.0,6.0,8.0,7.0,1.0,2.0,4.0,25.0,Female,Finance,Tier 1,2.0,14.0,103.61,Medium
INT0161,8.61,91.1,33.0,82.0,6.0,7.0,10.0,9.0,6.0,1.0,6.0,3.0,22.0,Male,HR,Tier 1,3.0,23.0,129.91,High
INT0277,7.71,82.2,19.0,60.9,6.0,7.0,6.0,8.0,8.0,2.0,3.0,6.0,25.0,Male,Data Science,Tier 2,4.0,16.0,103.05,Medium
INT0192,9.77,95.3,32.0,84.9,9.0,9.0,9.0,10.0,9.0,0.0,5.0,4.0,21.0,Female,Finance,Tier 2,6.0,12.0,147.86,High
INT0386,8.17,74.4,15.0,67.0,6.0,6.0,6.0,6.0,8.0,2.0,4.0,7.0,21.0,Female,Finance,Tier 1,0.0,26.0,102.24,Medium
INT0414,7.17,77.3,16.0,72.8,5.0,5.0,6.0,8.0,6.0,1.0,2.0,4.0,25.0,Male,Engineering,Tier 2,0.0,20.0,96.14,Medium
INT0492,7.39,74.4,21.0,79.2,5.0,6.0,7.0,8.0,7.0,0.0,1.0,4.0,25.0,Female,Engineering,Tier 2,7.0,17.0,107.36,Medium
INT0344,6.63,78.0,23.0,66.0,6.0,6.0,7.0,7.0,6.0,0.0,1.0,6.0,25.0,Male,Marketing,Tier 1,6.0,14.0,101.72,Medium
INT0770,6.52,64.7,4.0,42.2,5.0,5.0,1.0,3.0,4.0,1.0,2.0,13.0,20.0,Male,Engineering,Tier 3,12.0,19.0,62.02,Low
INT0309,7.23,82.4,22.0,79.7,8.0,8.0,5.0,5.0,7.0,1.0,4.0,8.0,26.0,Female,Finance,Tier 3,3.0,11.0,109.82,Medium
INT0662,6.55,74.4,6.0,51.3,4.0,3.0,3.0,5.0,2.0,0.0,1.0,10.0,27.0,Male,Engineering,Tier 1,0.0,17.0,65.62,Low
INT0131,8.72,92.9,30.0,89.2,7.0,7.0,7.0,9.0,8.0,0.0,8.0,0.0,23.0,Male,HR,Tier 2,6.0,2.0,137.16,High
INT0664,5.06,50.0,8.0,39.1,2.0,2.0,7.0,1.0,3.0,1.0,1.0,6.0,22.0,Female,Data Science,Tier 1,6.0,23.0,58.56,Low
INT0100,8.04,98.1,29.0,89.6,7.0,10.0,10.0,8.0,7.0,0.0,6.0,0.0,25.0,Male,Data Science,Tier 2,9.0,8.0,139.79,High
INT0373,7.63,67.2,22.0,70.1,6.0,8.0,5.0,6.0,5.0,2.0,3.0,6.0,23.0,Male,Data Science,Tier 3,8.0,15.0,97.22,Medium
INT0088,9.2,95.5,39.0,70.2,7.0,8.0,7.0,7.0,6.0,0.0,6.0,1.0,22.0,Female,Data Science,Tier 1,11.0,12.0,134.87,High
INT0459,6.58,82.7,18.0,66.1,5.0,8.0,5.0,6.0,7.0,2.0,3.0,9.0,22.0,Male,Data Science,Tier 2,3.0,26.0,93.54,Medium
INT0331,8.15,74.4,17.0,73.0,5.0,8.0,5.0,7.0,7.0,2.0,4.0,5.0,24.0,Male,Marketing,Tier 1,3.0,18.0,102.46,Medium
INT0215,9.37,88.9,28.0,90.6,8.0,7.0,7.0,10.0,6.0,0.0,7.0,1.0,22.0,Female,HR,Tier 3,1.0,18.0,134.44,High
INT0467,6.93,72.7,21.0,74.4,5.0,6.0,5.0,8.0,5.0,2.0,5.0,8.0,20.0,Male,Engineering,Tier 2,1.0,21.0,92.7,Medium
INT0122,9.77,95.4,36.0,88.1,8.0,10.0,7.0,9.0,7.0,1.0,5.0,0.0,25.0,Male,Engineering,Tier 2,9.0,3.0,141.61,High
INT0615,7.27,58.8,8.0,57.9,6.0,2.0,5.0,5.0,2.0,2.0,2.0,15.0,21.0,Male,Marketing,Tier 3,6.0,22.0,66.38,Low
INT0021,9.15,74.4,40.0,70.2,9.0,7.0,8.0,7.0,8.0,0.0,3.0,1.0,25.0,Female,Data Science,Tier 2,4.0,8.0,136.6,High
INT0701,6.57,56.2,13.0,34.0,5.0,2.0,3.0,1.0,5.0,2.0,3.0,7.0,25.0,Male,Data Science,Tier 1,7.0,8.0,66.81,Low
INT0072,8.24,83.6,30.0,96.3,10.0,10.0,9.0,9.0,7.0,2.0,7.0,6.0,23.0,Female,Finance,Tier 1,11.0,21.0,134.96,High
INT0107,8.7,86.8,28.0,87.6,8.0,9.0,10.0,7.0,8.0,0.0,6.0,4.0,21.0,Female,Engineering,Tier 3,3.0,6.0,140.14,High
INT0271,6.5,66.5,21.0,71.2,8.0,8.0,7.0,7.0,5.0,0.0,3.0,4.0,19.0,Male,HR,Tier 3,12.0,22.0,105.91,Medium
INT0436,6.63,66.9,21.0,73.8,6.0,8.0,6.0,5.0,5.0,1.0,4.0,9.0,25.0,Male,Marketing,Tier 2,6.0,22.0,97.71,Medium
INT0103,8.49,83.9,27.0,97.6,8.0,10.0,7.0,9.0,7.0,0.0,6.0,3.0,20.0,Female,HR,Tier 2,4.0,14.0,134.66,High
