intern_id,department,duration_weeks,tasks_assigned,tasks_completed,task_completion_rate,avg_task_quality,on_time_delivery_rate,days_absent,attendance_rate,meetings_attended,meeting_attendance_rate,feedback_score,peer_collab_score,initiative_score,communication_score,learning_curve_score,tools_used,bugs_introduced,code_review_pass_rate,prior_experience_years,performance_label
INT-0001,Marketing,18,53,23,0.43,3.6,0.52,2.0,0.98,27,0.6,3.7,7.4,4.7,6.7,4.0,7,5,0.56,0.9,Medium
INT-0002,Marketing,10,13,9,0.69,6.7,0.65,1.0,0.98,15,0.6,5.4,6.0,5.4,7.3,6.4,8,7,0.72,0.4,Medium
INT-0003,Product,6,24,2,0.08,1.9,0.1,5.0,0.83,4,0.27,2.1,2.2,2.6,4.6,1.7,5,7,0.39,0.0,Low
INT-0004,Product,12,41,28,0.68,4.5,0.25,4.0,0.93,4,0.13,3.6,1.9,3.0,3.1,4.5,8,5,0.54,0.4,Low
INT-0005,Engineering,9,45,45,1.0,8.0,0.58,2.0,0.96,6,0.27,6.1,3.9,7.4,3.6,8.8,10,0,0.91,4.5,High
INT-0006,Marketing,8,33,18,0.55,5.2,0.41,3.0,0.92,12,0.6,2.7,4.5,4.7,5.4,4.0,7,5,0.49,0.2,Low
INT-0007,Product,22,28,17,0.61,4.6,0.13,7.0,0.94,6,0.11,2.7,1.5,3.4,1.2,3.5,10,5,0.46,0.6,Low
INT-0008,Data Science,20,45,19,0.42,4.4,0.75,1.0,0.99,45,0.9,4.7,7.7,4.8,8.1,4.4,8,4,0.39,0.6,Medium
INT-0009,Product,4,49,5,0.1,3.3,0.29,1.0,0.95,4,0.4,3.7,4.6,2.4,4.1,2.7,3,6,0.43,1.0,Low
INT-0010,Design,15,46,19,0.41,1.6,0.41,4.0,0.95,19,0.51,3.6,5.2,4.2,5.7,1.5,9,7,0.5,0.2,Low
INT-0011,Data Science,22,59,11,0.19,2.0,0.16,5.0,0.95,10,0.18,2.8,1.5,2.3,2.7,1.2,7,7,0.41,0.0,Low
INT-0012,Product,12,32,17,0.53,2.9,0.17,8.0,0.87,4,0.13,3.8,1.0,2.7,3.9,3.0,6,10,0.44,0.5,Low
INT-0013,Data Science,23,42,23,0.55,4.7,0.37,6.0,0.95,20,0.35,3.7,3.7,5.0,3.0,4.8,12,4,0.55,0.0,Medium
INT-0014,Engineering,4,34,20,0.59,5.2,0.58,2.0,0.9,6,0.6,5.0,4.4,6.3,6.4,5.2,5,1,0.58,0.6,Medium
INT-0015,Product,9,54,8,0.15,1.4,0.61,1.0,0.98,18,0.82,5.4,7.2,5.8,7.3,3.0,6,11,0.42,0.8,Low
INT-0016,Design,22,13,8,0.62,6.0,0.17,4.0,0.96,2,0.04,3.2,3.7,2.8,3.9,4.7,12,4,0.58,0.0,Low
INT-0017,Product,21,56,28,0.5,3.8,0.21,4.0,0.96,4,0.08,3.2,4.2,3.2,2.1,3.2,9,1,0.57,1.5,Low
INT-0018,Design,18,26,14,0.54,3.7,0.62,2.0,0.98,41,0.91,6.1,9.7,6.2,7.1,4.9,10,5,0.57,0.0,Medium
INT-0019,Product,9,24,10,0.42,2.8,0.44,4.0,0.91,10,0.45,3.1,4.1,3.0,5.5,1.6,4,7,0.43,0.6,Low
INT-0020,Data Science,15,44,2,0.05,2.5,0.42,2.0,0.97,21,0.57,3.0,6.0,4.6,5.8,1.7,5,10,0.4,0.8,Low
INT-0021,Engineering,18,12,9,0.75,6.2,0.39,5.0,0.94,7,0.16,5.1,3.0,4.7,3.1,7.4,10,2,0.66,0.5,Medium
INT-0022,Marketing,18,52,48,0.92,7.5,0.37,3.0,0.97,8,0.18,5.2,2.3,4.7,4.1,7.6,12,4,0.81,0.4,Medium
INT-0023,Product,17,18,16,0.89,6.2,0.44,4.0,0.95,13,0.31,6.3,4.1,5.4,3.5,7.1,11,1,0.6,2.0,Medium
INT-0024,Engineering,14,28,16,0.57,3.6,0.66,2.0,0.97,32,0.91,6.4,9.3,4.9,10.0,6.2,10,4,0.63,0.8,Medium
INT-0025,Marketing,4,56,35,0.62,4.7,0.8,3.0,0.85,8,0.8,5.6,6.5,5.2,7.5,5.2,3,1,0.61,0.7,Medium
INT-0026,Marketing,21,43,18,0.42,4.5,0.73,1.0,0.99,41,0.79,5.6,6.6,6.9,8.2,3.6,8,5,0.61,0.0,Medium
INT-0027,Data Science,24,36,18,0.5,4.6,0.57,2.0,0.98,48,0.8,4.4,7.1,5.1,6.6,3.2,10,9,0.43,0.5,Medium
INT-0028,Data Science,7,10,4,0.4,2.7,0.09,6.0,0.83,1,0.06,2.5,2.8,2.7,1.7,2.7,3,9,0.46,0.7,Low
INT-0029,Engineering,24,40,6,0.15,2.1,0.43,0.0,1.0,27,0.45,2.2,5.4,2.3,6.7,1.6,10,10,0.39,0.2,Low
INT-0030,Data Science,6,10,6,0.6,5.7,0.37,2.0,0.93,4,0.27,3.8,2.7,4.3,5.3,5.9,8,5,0.62,0.4,Medium
INT-0031,Product,24,18,11,0.61,4.7,0.56,2.0,0.98,34,0.57,5.5,3.4,6.6,7.2,5.4,10,2,0.63,0.3,Medium
INT-0032,Engineering,8,57,9,0.16,2.7,0.36,4.0,0.9,10,0.5,2.1,4.9,3.4,5.3,2.6,5,4,0.43,1.0,Low
INT-0033,Marketing,10,22,17,0.77,6.5,0.65,3.0,0.94,11,0.44,7.2,5.8,6.4,5.6,7.0,8,1,0.71,1.1,Medium
INT-0034,Marketing,23,27,13,0.48,3.6,0.57,3.0,0.97,28,0.49,4.1,6.2,5.4,7.7,4.4,11,8,0.59,0.3,Medium
INT-0035,Data Science,9,55,31,0.56,4.0,0.63,1.0,0.98,15,0.68,5.5,5.4,4.5,7.6,4.2,8,2,0.61,1.3,Medium
INT-0036,Design,16,20,15,0.75,6.8,0.62,3.0,0.96,19,0.47,6.5,3.5,6.2,5.3,6.6,10,2,0.72,0.0,Medium
INT-0037,Marketing,20,29,16,0.55,3.7,0.6,3.0,0.97,30,0.6,4.3,5.3,4.5,6.6,4.3,10,1,0.5,0.0,Medium
INT-0038,Design,8,29,10,0.34,3.1,0.55,2.0,0.95,16,0.8,4.1,6.2,5.3,8.5,2.5,5,9,0.47,0.2,Low
INT-0039,Data Science,8,11,2,0.18,4.8,0.66,1.0,0.98,11,0.55,4.3,4.7,4.1,8.8,3.0,4,5,0.47,1.5,Low
INT-0040,Marketing,18,44,43,0.98,8.1,0.48,1.0,0.99,15,0.33,4.6,4.6,6.4,5.4,6.4,11,1,0.75,0.2,Medium
INT-0041,Product,9,17,13,0.76,5.2,0.39,7.0,0.84,7,0.32,4.2,1.9,5.1,3.9,5.0,7,8,0.59,0.6,Medium
INT-0042,Engineering,24,53,48,0.91,7.3,0.55,7.0,0.94,30,0.5,5.5,4.8,5.4,5.1,6.8,13,4,0.81,0.2,Medium
INT-0043,Design,22,56,34,0.61,7.7,0.76,3.0,0.97,43,0.78,5.9,6.6,6.6,8.3,5.5,10,5,0.68,0.7,Medium
INT-0044,Product,12,13,13,1.0,7.6,0.56,1.0,0.98,20,0.67,5.7,7.4,5.3,6.2,6.8,8,2,0.69,0.2,High
INT-0045,Design,13,48,30,0.62,5.5,0.31,6.0,0.91,4,0.12,4.8,4.4,2.9,5.2,4.5,9,6,0.63,4.1,Medium
INT-0046,Data Science,9,39,15,0.38,4.6,0.69,2.0,0.96,21,0.95,4.3,6.9,4.8,9.4,3.1,4,6,0.44,0.4,Medium
INT-0047,Data Science,12,46,16,0.35,3.8,0.37,4.0,0.93,18,0.6,2.9,6.1,4.0,5.5,3.4,6,9,0.38,0.1,Low
INT-0048,Product,5,15,6,0.4,3.7,0.62,1.0,0.96,8,0.67,3.9,7.3,5.2,4.6,5.5,6,2,0.57,0.9,Medium
INT-0049,Marketing,4,44,40,0.91,6.3,0.72,1.0,0.95,8,0.8,7.9,7.1,5.3,7.3,7.7,7,2,0.71,0.1,High
INT-0050,Marketing,20,27,27,1.0,6.5,0.9,3.0,0.97,42,0.84,6.8,9.5,7.5,6.8,8.6,12,1,0.88,0.5,High
INT-0051,Design,11,17,12,0.71,6.1,0.63,1.0,0.98,16,0.59,7.0,7.0,7.0,6.2,5.8,6,2,0.63,0.6,Medium
INT-0052,Engineering,11,59,58,0.98,6.6,0.58,4.0,0.93,11,0.41,6.4,4.4,6.6,6.5,6.4,8,2,0.76,1.7,Medium
INT-0053,Product,6,55,24,0.44,4.3,0.63,3.0,0.9,9,0.6,5.1,6.5,4.6,7.7,3.7,5,6,0.5,1.7,Medium
INT-0054,Product,18,43,5,0.12,2.5,0.48,0.0,1.0,34,0.76,5.1,7.9,3.5,6.9,2.0,7,8,0.34,0.4,Low
INT-0055,Marketing,23,26,17,0.65,5.3,0.66,4.0,0.97,26,0.46,5.6,4.4,6.2,5.5,6.5,11,4,0.66,0.4,Medium
INT-0056,Engineering,4,57,46,0.81,5.3,0.51,4.0,0.8,3,0.3,5.7,4.7,5.1,5.6,5.8,7,3,0.57,0.1,Medium
INT-0057,Data Science,6,45,39,0.87,5.1,0.36,4.0,0.87,1,0.07,6.4,5.0,4.7,2.6,7.7,8,0,0.79,0.9,Medium
INT-0058,Marketing,18,32,12,0.38,2.3,0.24,3.0,0.97,8,0.18,2.5,1.6,3.2,4.4,2.7,8,8,0.48,0.9,Low
INT-0059,Engineering,5,58,50,0.86,6.6,0.64,2.0,0.92,6,0.5,6.5,6.4,7.0,6.3,7.5,8,1,0.73,1.3,High
INT-0060,Marketing,21,17,12,0.71,7.3,0.62,1.0,0.99,34,0.65,5.7,6.9,5.9,5.8,6.0,13,4,0.72,0.3,Medium
INT-0061,Engineering,16,38,8,0.21,3.1,0.51,4.0,0.95,27,0.68,3.9,6.4,4.2,5.0,2.5,9,4,0.51,0.8,Low
INT-0062,Engineering,8,56,32,0.57,5.5,0.62,1.0,0.98,14,0.7,5.4,6.5,7.2,5.7,5.0,7,6,0.63,1.7,Medium
INT-0063,Design,5,35,18,0.51,5.0,0.59,3.0,0.88,8,0.67,6.4,5.3,4.8,6.0,4.4,3,1,0.61,0.3,Medium
INT-0064,Design,17,44,3,0.07,2.7,0.37,1.0,0.99,28,0.67,3.9,6.9,3.1,5.2,1.6,8,12,0.46,0.2,Low
INT-0065,Marketing,7,34,29,0.85,6.4,0.37,5.0,0.86,2,0.12,5.1,5.0,5.3,4.1,6.3,5,4,0.61,0.1,Medium
INT-0066,Engineering,20,21,12,0.57,6.1,0.67,3.0,0.97,35,0.7,5.1,6.9,6.4,7.3,5.4,9,2,0.74,0.1,Medium
INT-0067,Data Science,22,18,8,0.44,4.7,0.54,1.0,0.99,30,0.55,4.9,4.6,4.7,6.2,3.7,11,5,0.59,0.1,Medium
INT-0068,Product,14,37,31,0.84,8.0,0.54,2.0,0.97,14,0.4,5.6,4.0,6.0,5.2,6.0,9,2,0.65,0.9,Medium
INT-0069,Product,11,13,1,0.08,2.0,0.31,2.0,0.96,10,0.37,3.4,3.1,2.8,4.4,2.2,7,11,0.47,1.1,Low
INT-0070,Design,22,13,12,0.92,7.6,0.71,1.0,0.99,45,0.82,6.4,5.0,7.8,9.8,7.6,10,1,0.76,1.9,High
INT-0071,Design,24,50,44,0.88,6.8,0.27,4.0,0.97,8,0.13,5.3,1.6,6.2,1.0,8.7,12,4,0.81,0.5,Medium
INT-0072,Engineering,11,55,30,0.55,4.6,0.41,4.0,0.93,17,0.63,4.7,4.8,4.1,4.8,4.0,5,7,0.52,0.4,Medium
INT-0073,Design,6,25,6,0.24,1.7,0.66,0.0,1.0,14,0.93,5.6,7.6,5.4,7.2,2.1,4,9,0.42,0.5,Low
INT-0074,Data Science,7,13,10,0.77,6.4,0.39,2.0,0.94,5,0.29,3.8,2.9,5.1,5.2,5.7,7,4,0.69,1.6,Medium
INT-0075,Marketing,7,38,14,0.37,4.6,0.55,5.0,0.86,13,0.76,4.3,7.2,4.5,6.8,3.2,3,7,0.46,0.6,Low
INT-0076,Marketing,5,33,30,0.91,6.2,0.63,0.0,1.0,10,0.83,5.4,6.3,5.9,7.1,6.5,4,2,0.6,0.0,Medium
INT-0077,Marketing,17,35,35,1.0,7.3,0.65,2.0,0.98,21,0.5,7.3,4.5,7.1,6.2,8.2,11,0,0.89,0.7,High
INT-0078,Product,7,13,12,0.92,7.0,0.87,0.0,1.0,15,0.88,7.7,8.3,6.9,8.4,7.0,7,4,0.67,0.2,High
INT-0079,Data Science,13,40,7,0.17,2.7,0.3,3.0,0.95,7,0.22,4.6,5.5,3.1,4.0,2.5,6,9,0.44,0.4,Low
INT-0080,Marketing,9,32,21,0.66,4.8,0.3,4.0,0.91,3,0.14,5.1,3.5,4.4,2.0,5.4,5,5,0.7,1.3,Medium
INT-0081,Data Science,11,29,9,0.31,3.2,0.76,0.0,1.0,27,1.0,4.9,9.5,3.6,9.7,2.2,5,7,0.49,0.9,Medium
INT-0082,Engineering,7,16,0,0.0,2.4,0.19,4.0,0.89,4,0.24,1.6,2.7,1.0,4.8,1.4,2,11,0.32,0.0,Low
INT-0083,Product,12,56,20,0.36,3.1,0.5,5.0,0.92,18,0.6,3.9,4.6,3.2,5.0,3.8,8,4,0.59,1.2,Low
INT-0084,Engineering,20,45,45,1.0,8.4,0.51,2.0,0.98,17,0.34,6.3,4.0,7.0,3.5,8.7,11,2,0.88,0.1,High
INT-0085,Marketing,21,42,38,0.9,5.9,0.67,2.0,0.98,38,0.73,5.9,5.8,6.7,6.6,6.5,12,5,0.7,0.1,Medium
INT-0086,Engineering,20,42,24,0.57,5.1,0.36,1.0,0.99,22,0.44,4.8,4.4,5.7,5.9,5.2,10,5,0.56,0.5,Medium
INT-0087,Data Science,20,16,12,0.75,6.2,0.7,0.0,1.0,40,0.8,7.2,7.6,6.4,7.9,6.7,13,1,0.72,0.6,High
INT-0088,Product,5,11,1,0.09,2.4,0.39,2.0,0.92,5,0.42,1.8,4.5,3.3,4.5,2.4,3,7,0.37,1.3,Low
INT-0089,Marketing,12,56,56,1.0,5.1,0.81,1.0,0.98,26,0.87,8.8,9.1,6.5,6.5,8.0,11,2,0.6,0.8,High
INT-0090,Engineering,17,46,46,1.0,7.8,0.5,5.0,0.94,6,0.14,5.2,1.0,5.1,3.6,8.0,11,2,0.77,0.4,Medium
INT-0091,Product,19,10,7,0.7,6.0,0.74,3.0,0.97,30,0.64,6.5,5.1,6.1,6.1,7.0,11,1,0.62,1.9,Medium
INT-0092,Design,16,31,6,0.19,1.2,0.49,2.0,0.98,18,0.45,4.0,5.4,4.7,5.7,2.5,7,3,0.33,0.3,Low
INT-0093,Marketing,22,37,37,1.0,7.7,0.74,4.0,0.96,30,0.55,7.3,3.8,6.6,6.2,8.0,11,0,0.81,0.3,High
INT-0094,Data Science,20,34,25,0.74,7.9,0.21,8.0,0.92,2,0.04,4.6,1.0,5.6,2.2,6.5,12,0,0.59,0.4,Medium
INT-0095,Data Science,22,58,29,0.5,4.0,0.64,2.0,0.98,46,0.84,5.1,5.7,5.0,7.0,4.2,12,3,0.46,1.4,Medium
INT-0096,Engineering,12,26,7,0.27,4.7,0.49,1.0,0.98,22,0.73,5.0,4.7,5.7,6.2,3.4,6,4,0.55,0.3,Low
INT-0097,Product,5,27,21,0.78,6.8,0.73,2.0,0.92,9,0.75,7.2,6.2,4.9,6.2,7.1,6,4,0.73,0.1,Medium
INT-0098,Product,23,15,11,0.73,6.9,0.92,0.0,1.0,49,0.86,7.0,8.2,8.0,8.6,8.7,14,1,0.7,0.0,High
INT-0099,Design,24,24,9,0.38,3.7,0.37,2.0,0.98,26,0.43,4.8,4.9,3.2,5.2,4.3,11,11,0.59,0.5,Low
INT-0100,Data Science,21,10,4,0.4,3.2,0.68,1.0,0.99,32,0.62,6.0,7.2,5.2,7.2,3.8,11,7,0.55,0.7,Medium
INT-0101,Marketing,11,36,14,0.39,5.1,0.27,3.0,0.95,5,0.19,3.8,2.8,3.1,3.1,3.9,8,2,0.51,0.5,Low
INT-0102,Marketing,6,35,20,0.57,5.4,0.52,1.0,0.97,6,0.4,3.6,4.6,6.1,5.5,5.3,7,2,0.56,0.2,Medium
INT-0103,Engineering,4,21,4,0.19,2.6,0.65,3.0,0.85,6,0.6,4.4,5.0,4.3,9.6,2.5,4,8,0.39,0.6,Low
INT-0104,Product,17,39,7,0.18,3.3,0.27,5.0,0.94,9,0.21,3.5,2.1,1.1,4.6,2.1,9,2,0.32,1.6,Low
INT-0105,Data Science,20,54,39,0.72,6.3,0.5,6.0,0.94,24,0.48,6.6,3.9,4.2,5.5,5.7,12,1,0.76,0.0,Medium
INT-0106,Engineering,23,36,19,0.53,4.0,0.65,1.0,0.99,49,0.86,5.2,7.8,6.2,9.2,4.8,11,3,0.62,0.3,Medium
INT-0107,Design,14,37,26,0.7,5.9,0.42,1.0,0.99,12,0.34,5.8,5.5,4.2,3.7,5.5,7,5,0.6,0.2,Medium
INT-0108,Design,12,51,50,0.98,5.1,0.67,1.0,0.98,18,0.6,7.8,6.2,7.7,5.7,7.6,11,2,0.83,0.3,High
INT-0109,Engineering,5,24,19,0.79,7.1,0.57,1.0,0.96,9,0.75,5.5,6.6,6.2,7.8,5.8,5,1,0.76,1.4,Medium
INT-0110,Product,8,20,7,0.35,4.2,0.47,4.0,0.9,7,0.35,4.4,5.3,4.1,5.3,4.1,6,7,0.6,1.8,Low
INT-0111,Engineering,20,24,5,0.21,3.7,0.24,4.0,0.96,17,0.34,3.3,3.5,2.3,4.4,2.6,7,6,0.44,0.9,Low
INT-0112,Design,22,23,21,0.91,6.8,0.33,2.0,0.98,11,0.2,4.3,2.5,4.4,2.7,8.0,14,3,0.8,0.8,Medium
INT-0113,Design,13,15,14,0.93,8.1,0.3,3.0,0.95,9,0.28,3.5,3.4,4.9,4.1,7.4,9,1,0.87,0.5,Medium
INT-0114,Data Science,6,34,29,0.85,6.8,0.52,2.0,0.93,4,0.27,6.4,5.1,5.3,3.5,7.6,8,0,0.74,2.1,Medium
INT-0115,Design,14,13,7,0.54,5.1,0.49,3.0,0.96,12,0.34,4.6,3.8,5.0,5.5,4.4,7,1,0.55,0.2,Medium
INT-0116,Product,18,28,23,0.82,6.6,0.38,4.0,0.96,7,0.16,5.5,2.1,3.9,4.2,7.0,10,3,0.79,0.2,Medium
INT-0117,Design,9,46,46,1.0,5.3,0.49,7.0,0.84,4,0.18,7.3,3.0,5.9,3.4,7.6,7,1,0.78,1.4,Medium
INT-0118,Engineering,4,20,4,0.2,3.4,0.37,4.0,0.8,5,0.5,2.7,4.7,2.3,5.3,3.1,3,5,0.46,4.6,Low
INT-0119,Data Science,5,45,15,0.33,2.9,0.47,0.0,1.0,6,0.5,4.3,6.0,4.2,8.4,2.6,6,11,0.55,0.2,Low
INT-0120,Product,19,41,39,0.95,5.0,0.89,1.0,0.99,39,0.83,8.2,7.7,6.8,8.3,7.9,12,1,0.84,0.7,High
INT-0121,Marketing,11,44,29,0.66,6.4,0.47,4.0,0.93,7,0.26,6.1,3.8,4.6,5.4,4.9,8,5,0.67,0.3,Medium
INT-0122,Marketing,18,28,18,0.64,5.9,0.8,1.0,0.99,39,0.87,6.3,6.6,8.1,9.3,5.5,11,3,0.67,1.0,Medium
INT-0123,Marketing,14,37,17,0.46,3.3,0.52,0.0,1.0,21,0.6,4.8,3.5,5.0,5.1,3.4,8,2,0.45,0.8,Low
INT-0124,Product,23,57,47,0.82,9.0,0.57,1.0,0.99,27,0.47,6.1,5.8,6.9,4.9,8.6,13,0,0.82,0.2,High
INT-0125,Marketing,21,48,47,0.98,7.1,0.67,3.0,0.97,30,0.58,7.0,5.4,6.5,6.0,8.4,10,0,0.76,1.8,High
INT-0126,Data Science,8,53,25,0.47,3.6,0.15,2.0,0.95,2,0.1,3.3,1.9,1.7,3.5,4.1,7,3,0.6,0.2,Low
INT-0127,Marketing,22,48,29,0.6,2.9,0.51,5.0,0.95,38,0.69,4.8,4.6,5.7,9.1,3.7,11,1,0.52,0.2,Medium
INT-0128,Engineering,8,55,1,0.02,2.4,0.51,0.0,1.0,12,0.6,4.5,4.0,4.6,7.9,1.8,6,4,0.27,2.7,Low
INT-0129,Product,16,20,3,0.15,3.1,0.61,2.0,0.98,31,0.78,4.8,8.8,3.8,8.4,1.7,9,6,0.47,0.4,Low
INT-0130,Marketing,19,32,16,0.5,3.1,0.79,0.0,1.0,47,1.0,5.3,8.5,5.5,10.0,6.0,9,2,0.58,1.0,Medium
INT-0131,Design,12,37,27,0.73,7.2,0.62,2.0,0.97,15,0.5,6.9,5.5,6.4,4.6,7.5,7,1,0.72,0.2,Medium
INT-0132,Engineering,7,18,16,0.89,8.1,0.84,0.0,1.0,14,0.82,5.1,6.3,6.7,10.0,7.9,8,3,0.83,0.0,High
INT-0133,Product,12,14,4,0.29,1.0,0.41,5.0,0.92,16,0.53,3.1,4.5,2.1,4.6,2.2,5,7,0.34,0.4,Low
INT-0134,Data Science,22,12,7,0.58,4.4,0.53,2.0,0.98,25,0.45,5.6,3.6,5.0,5.5,6.2,12,3,0.68,1.2,Medium
INT-0135,Design,11,15,10,0.67,7.5,0.48,2.0,0.96,6,0.22,5.3,3.1,6.1,2.3,7.1,10,5,0.74,0.8,Medium
INT-0136,Design,6,45,3,0.07,3.3,0.58,5.0,0.83,9,0.6,3.5,5.6,2.7,7.3,2.2,5,8,0.42,0.0,Low
INT-0137,Engineering,16,11,5,0.45,4.7,0.7,0.0,1.0,28,0.7,7.1,7.1,6.2,8.4,5.1,7,2,0.58,1.1,Medium
INT-0138,Engineering,10,31,12,0.39,3.7,0.22,3.0,0.94,3,0.12,3.4,3.2,2.2,2.1,4.4,8,4,0.51,0.5,Low
INT-0139,Engineering,8,16,8,0.5,5.3,0.52,3.0,0.92,9,0.45,5.7,4.2,6.1,6.3,4.7,8,4,0.53,0.4,Medium
INT-0140,Engineering,6,27,15,0.56,3.8,0.29,3.0,0.9,3,0.2,3.8,3.9,3.8,3.3,4.7,6,4,0.56,1.4,Low
INT-0141,Design,20,16,6,0.38,6.2,0.75,2.0,0.98,39,0.78,5.0,6.7,6.1,9.0,4.6,10,2,0.57,0.2,Medium
INT-0142,Design,8,32,25,0.78,4.8,0.75,5.0,0.88,16,0.8,6.0,6.7,6.4,7.3,6.0,5,2,0.6,0.8,Medium
INT-0143,Engineering,18,34,10,0.29,3.8,0.58,1.0,0.99,25,0.56,4.6,4.9,4.8,4.8,4.7,8,3,0.53,0.5,Low
INT-0144,Product,13,27,21,0.78,8.9,0.38,4.0,0.94,5,0.16,5.3,4.8,5.2,4.3,6.3,10,3,0.77,0.3,Medium
INT-0145,Design,20,10,5,0.5,4.1,0.28,4.0,0.96,11,0.22,5.2,1.7,4.0,4.9,3.7,8,3,0.6,0.3,Low
INT-0146,Data Science,15,32,12,0.38,4.3,0.58,0.0,1.0,29,0.78,5.9,7.9,6.2,8.3,3.9,9,6,0.52,0.3,Medium
INT-0147,Design,9,12,7,0.58,4.2,0.23,8.0,0.82,3,0.14,3.6,2.0,3.2,5.7,5.2,8,5,0.59,0.2,Low
INT-0148,Product,22,51,49,0.96,8.5,0.52,5.0,0.95,19,0.35,5.8,2.8,5.9,7.0,7.4,14,2,0.72,0.5,Medium
INT-0149,Engineering,21,43,21,0.49,3.6,0.29,3.0,0.97,24,0.46,3.8,5.4,3.3,4.1,5.2,10,2,0.54,1.2,Low
INT-0150,Design,5,32,22,0.69,3.6,0.65,0.0,1.0,9,0.75,4.8,7.5,4.3,6.5,3.7,6,3,0.53,0.7,Medium
INT-0151,Data Science,8,20,16,0.8,6.4,0.75,0.0,1.0,14,0.7,6.0,7.1,6.7,6.0,6.9,8,1,0.72,2.3,High
INT-0152,Product,24,34,8,0.24,1.9,0.26,3.0,0.98,19,0.32,4.5,4.0,3.4,3.3,3.3,9,7,0.44,0.3,Low
INT-0153,Marketing,21,43,30,0.7,5.0,0.29,2.0,0.98,0,0.0,5.4,1.4,2.5,2.1,5.0,12,4,0.69,0.1,Medium
INT-0154,Design,12,52,22,0.42,4.6,0.28,7.0,0.88,8,0.27,4.6,2.9,4.4,3.8,3.3,8,4,0.49,0.4,Low
INT-0155,Engineering,21,19,9,0.47,3.1,0.65,0.0,1.0,39,0.75,5.2,8.4,4.8,6.3,4.7,9,2,0.57,0.7,Medium
INT-0156,Design,22,36,11,0.31,3.9,0.45,3.0,0.97,27,0.49,4.4,3.4,4.5,4.9,2.3,8,6,0.47,1.0,Low
INT-0157,Design,24,48,36,0.75,6.7,0.41,1.0,0.99,16,0.27,5.0,2.7,5.6,4.5,6.7,13,2,0.7,1.3,Medium
INT-0158,Design,22,31,30,0.97,8.2,0.72,0.0,1.0,41,0.75,7.4,7.3,7.4,8.3,8.5,13,1,0.84,1.0,High
INT-0159,Design,6,47,0,0.0,1.8,0.43,4.0,0.87,9,0.6,4.4,6.0,1.3,6.5,1.0,2,6,0.4,0.6,Low
INT-0160,Marketing,13,13,3,0.23,3.2,0.47,2.0,0.97,10,0.31,3.6,4.0,3.8,4.3,3.4,5,2,0.39,0.9,Low
INT-0161,Data Science,18,19,4,0.21,3.5,0.42,2.0,0.98,17,0.38,4.3,5.4,4.7,6.0,4.1,10,4,0.44,0.5,Low
INT-0162,Marketing,10,24,21,0.88,8.1,0.51,2.0,0.96,12,0.48,6.6,3.2,6.2,2.8,7.2,8,1,0.78,0.5,Medium
INT-0163,Data Science,16,36,12,0.33,2.9,0.34,6.0,0.92,22,0.55,3.5,3.4,1.8,5.8,3.6,8,6,0.48,0.8,Low
INT-0164,Design,6,11,11,1.0,8.3,0.61,6.0,0.8,9,0.6,6.4,5.2,6.4,7.2,6.8,8,0,0.81,1.8,High
INT-0165,Design,24,16,11,0.69,5.2,0.77,0.0,1.0,49,0.82,4.7,7.7,7.3,6.9,5.2,11,3,0.58,0.2,Medium
INT-0166,Product,4,51,37,0.73,4.5,0.43,4.0,0.8,4,0.4,4.3,4.7,5.9,6.2,5.5,4,6,0.59,2.5,Medium
INT-0167,Engineering,18,33,25,0.76,6.8,0.67,1.0,0.99,32,0.71,5.5,7.3,7.6,6.0,6.7,11,2,0.6,1.7,Medium
INT-0168,Engineering,8,44,21,0.48,3.4,0.39,1.0,0.98,10,0.5,3.8,3.2,4.5,6.3,3.1,5,2,0.5,0.6,Low
INT-0169,Design,12,29,17,0.59,3.9,0.54,2.0,0.97,19,0.63,5.4,6.2,4.5,6.3,4.1,8,4,0.59,0.8,Medium
INT-0170,Engineering,18,51,21,0.41,3.6,0.61,5.0,0.94,29,0.64,4.3,6.1,4.1,6.6,3.3,9,2,0.43,0.6,Low
INT-0171,Design,16,19,0,0.0,1.0,0.52,0.0,1.0,31,0.78,2.5,7.0,1.6,6.7,1.1,6,10,0.6,0.5,Low
INT-0172,Design,11,36,21,0.58,5.8,0.45,3.0,0.95,17,0.63,5.3,6.5,6.4,5.8,4.5,9,4,0.56,1.0,Medium
INT-0173,Product,19,38,38,1.0,9.4,0.57,4.0,0.96,16,0.34,5.0,4.4,7.8,4.4,8.9,11,0,0.93,1.0,High
INT-0174,Data Science,6,14,13,0.93,6.2,0.82,0.0,1.0,12,0.8,7.3,8.1,6.1,8.4,7.6,7,1,0.74,0.3,High
INT-0175,Data Science,9,30,18,0.6,4.6,0.46,4.0,0.91,7,0.32,4.9,3.2,5.0,4.9,5.1,5,5,0.61,0.6,Medium
INT-0176,Design,5,41,13,0.32,2.7,0.49,3.0,0.88,7,0.58,5.2,6.1,3.0,6.4,3.7,3,5,0.5,0.4,Low
INT-0177,Product,13,59,34,0.58,5.5,0.35,4.0,0.94,7,0.22,4.4,1.9,4.6,3.4,5.5,7,8,0.68,0.5,Medium
INT-0178,Engineering,10,39,30,0.77,4.3,0.35,3.0,0.94,11,0.44,5.0,2.5,4.6,5.4,6.7,6,7,0.64,1.4,Medium
INT-0179,Design,13,27,19,0.7,7.6,0.71,0.0,1.0,24,0.75,8.3,6.6,7.8,8.2,8.0,10,0,0.84,0.4,High
INT-0180,Product,21,37,23,0.62,5.5,0.41,3.0,0.97,17,0.33,4.9,4.1,4.4,4.2,5.5,10,2,0.68,1.0,Medium
INT-0181,Product,7,26,19,0.73,7.1,0.41,2.0,0.94,3,0.18,3.5,2.4,4.0,3.8,6.7,6,1,0.75,0.8,Medium
INT-0182,Engineering,21,38,14,0.37,4.3,0.61,3.0,0.97,31,0.6,4.8,4.5,4.4,6.7,3.2,11,3,0.56,0.1,Low
INT-0183,Marketing,13,57,8,0.14,1.2,0.29,3.0,0.95,3,0.09,1.8,2.3,2.8,2.6,2.2,7,4,0.46,1.4,Low
INT-0184,Engineering,19,11,5,0.45,3.3,0.78,1.0,0.99,47,1.0,5.3,9.5,5.0,7.6,2.7,7,6,0.47,1.6,Medium
INT-0185,Engineering,6,47,23,0.49,6.5,0.34,5.0,0.83,3,0.2,2.4,3.5,3.9,3.1,3.7,7,2,0.61,2.4,Low
INT-0186,Design,14,39,15,0.38,3.4,0.62,4.0,0.94,27,0.77,6.0,7.0,4.5,5.0,2.9,6,5,0.4,0.7,Medium
INT-0187,Design,18,52,7,0.13,2.4,0.35,5.0,0.94,18,0.4,2.9,4.8,3.6,4.5,1.0,7,8,0.33,0.3,Low
INT-0188,Product,12,48,40,0.83,6.9,0.49,1.0,0.98,7,0.23,5.6,2.0,5.3,4.5,6.4,8,2,0.75,0.9,Medium
INT-0189,Engineering,19,53,46,0.87,4.1,0.72,0.0,1.0,33,0.7,7.6,6.4,5.7,8.1,5.7,10,4,0.63,1.3,Medium
INT-0190,Engineering,18,28,19,0.68,4.0,0.45,1.0,0.99,26,0.58,5.0,4.9,5.3,5.2,2.8,10,2,0.49,0.1,Medium
INT-0191,Data Science,14,42,41,0.98,8.0,0.66,3.0,0.96,14,0.4,6.8,4.7,6.3,5.3,8.3,8,3,0.85,0.2,High
INT-0192,Design,9,58,26,0.45,3.0,0.29,6.0,0.87,4,0.18,3.7,1.4,3.1,3.8,4.4,5,3,0.64,0.7,Low
INT-0193,Product,10,42,4,0.1,1.0,0.26,3.0,0.94,8,0.32,2.4,3.9,4.3,1.3,2.6,6,6,0.46,0.1,Low
INT-0194,Design,9,50,46,0.92,5.1,0.59,0.0,1.0,15,0.68,6.7,5.2,4.7,7.3,7.9,10,1,0.85,0.5,High
INT-0195,Marketing,23,52,17,0.33,4.6,0.21,6.0,0.95,5,0.09,2.1,1.6,2.6,1.5,3.4,10,5,0.48,0.1,Low
INT-0196,Marketing,23,35,33,0.94,7.1,0.43,4.0,0.97,15,0.26,5.1,3.7,5.9,2.2,6.7,14,3,0.71,0.7,Medium
INT-0197,Marketing,12,31,18,0.58,5.4,0.66,3.0,0.95,18,0.6,6.7,8.1,6.4,7.0,5.6,7,4,0.66,2.3,Medium
INT-0198,Data Science,5,56,12,0.21,2.7,0.32,0.0,1.0,5,0.42,3.3,6.4,3.2,4.6,1.5,4,7,0.4,1.3,Low
INT-0199,Marketing,19,29,5,0.17,1.9,0.07,4.0,0.96,6,0.13,1.6,1.3,1.6,2.4,1.0,6,10,0.35,1.3,Low
INT-0200,Data Science,8,39,17,0.44,2.9,0.32,2.0,0.95,6,0.3,4.8,3.6,2.8,3.6,3.4,7,9,0.47,0.4,Low
INT-0201,Design,22,28,17,0.61,4.6,0.39,2.0,0.98,18,0.33,3.7,2.8,3.1,3.1,5.6,10,3,0.56,1.2,Low
INT-0202,Engineering,13,50,29,0.58,5.1,0.53,0.0,1.0,18,0.56,5.5,6.7,5.5,7.6,5.0,8,3,0.63,0.4,Medium
INT-0203,Marketing,11,20,18,0.9,7.1,0.53,2.0,0.96,15,0.56,6.9,3.6,6.1,5.2,7.8,8,2,0.81,0.6,Medium
INT-0204,Marketing,18,21,2,0.1,3.1,0.79,0.0,1.0,37,0.82,4.7,6.8,5.1,8.6,3.1,9,6,0.5,0.5,Low
INT-0205,Engineering,23,57,44,0.77,6.3,0.8,0.0,1.0,39,0.68,6.3,8.1,7.9,7.1,5.8,10,3,0.7,0.4,High
INT-0206,Design,18,37,26,0.7,4.5,0.75,1.0,0.99,34,0.76,6.2,7.0,6.6,6.2,5.8,9,5,0.61,0.8,Medium
INT-0207,Data Science,6,42,42,1.0,6.0,0.44,0.0,1.0,2,0.13,5.6,2.2,5.4,6.6,7.1,6,0,0.7,0.2,Medium
INT-0208,Engineering,11,26,25,0.96,6.4,0.87,0.0,1.0,27,1.0,9.0,7.3,7.5,7.6,8.1,8,0,0.78,0.2,High
INT-0209,Engineering,9,59,25,0.42,4.9,0.31,1.0,0.98,8,0.36,3.6,3.8,4.1,5.7,4.6,6,2,0.63,0.3,Low
INT-0210,Design,21,16,16,1.0,8.2,0.76,1.0,0.99,48,0.92,8.4,8.5,7.5,8.3,7.9,13,0,0.77,2.6,High
INT-0211,Data Science,18,18,9,0.5,4.6,0.57,3.0,0.97,27,0.6,4.2,5.0,4.0,8.6,2.4,10,8,0.44,0.7,Medium
INT-0212,Engineering,21,56,15,0.27,5.1,0.5,1.0,0.99,31,0.6,4.0,7.7,3.7,5.9,1.9,11,2,0.43,0.0,Low
INT-0213,Engineering,18,18,9,0.5,5.4,0.49,4.0,0.96,18,0.4,5.9,5.6,6.9,3.8,4.4,8,5,0.53,0.0,Medium
INT-0214,Product,16,23,8,0.35,2.6,0.65,1.0,0.99,30,0.75,4.7,8.6,4.8,8.0,1.4,9,3,0.46,3.1,Low
INT-0215,Engineering,22,29,5,0.17,1.0,0.05,3.0,0.97,10,0.18,2.1,3.1,1.8,2.8,1.0,8,6,0.37,0.7,Low
INT-0216,Engineering,16,55,46,0.84,6.1,0.55,5.0,0.94,23,0.57,7.5,3.4,6.1,7.2,6.7,8,1,0.6,0.9,Medium
INT-0217,Data Science,15,28,22,0.79,6.9,0.68,2.0,0.97,24,0.65,8.0,5.2,5.4,6.8,7.6,8,2,0.79,0.5,High
INT-0218,Product,14,30,30,1.0,6.6,0.27,3.0,0.96,4,0.11,5.1,5.0,5.4,1.3,8.7,9,2,0.8,0.5,Medium
INT-0219,Product,15,57,24,0.42,5.0,0.3,3.0,0.96,4,0.11,4.0,3.1,2.2,3.1,3.3,7,8,0.41,0.3,Low
INT-0220,Engineering,19,37,37,1.0,8.3,0.52,7.0,0.93,12,0.26,6.9,2.1,7.6,4.1,9.1,14,1,0.9,0.1,High
INT-0221,Data Science,4,51,12,0.24,3.9,0.56,4.0,0.8,7,0.7,4.1,7.1,3.6,4.9,2.7,2,7,0.47,0.7,Low
INT-0222,Data Science,12,40,14,0.35,2.0,0.25,2.0,0.97,11,0.37,2.3,5.2,2.6,3.0,3.1,5,4,0.42,1.1,Low
INT-0223,Marketing,14,42,25,0.6,5.3,0.69,0.0,1.0,21,0.6,6.1,6.9,6.4,5.8,4.8,7,6,0.52,0.8,Medium
INT-0224,Marketing,20,27,26,0.96,7.6,0.97,0.0,1.0,42,0.84,7.5,7.7,7.1,8.2,7.6,13,0,0.75,0.4,High
INT-0225,Product,20,50,9,0.18,2.6,0.47,2.0,0.98,27,0.54,4.5,6.0,3.2,6.4,2.4,8,10,0.49,1.1,Low
INT-0226,Data Science,14,42,36,0.86,8.7,0.39,5.0,0.93,14,0.4,5.8,2.9,6.0,5.7,6.9,9,1,0.74,0.1,Medium
INT-0227,Data Science,5,17,8,0.47,4.5,0.63,3.0,0.88,8,0.67,5.2,6.6,5.0,4.5,6.2,6,3,0.62,1.7,Medium
INT-0228,Data Science,23,32,28,0.88,5.8,0.63,1.0,0.99,34,0.6,6.9,6.0,6.1,7.9,5.6,10,3,0.66,1.5,Medium
INT-0229,Product,24,53,21,0.4,3.4,0.5,2.0,0.98,40,0.67,5.5,5.5,4.2,4.5,3.8,9,6,0.65,0.4,Low
INT-0230,Data Science,24,56,56,1.0,6.1,0.58,3.0,0.98,42,0.7,7.3,5.5,7.3,6.5,6.6,14,0,0.74,0.8,High
INT-0231,Marketing,11,51,12,0.24,2.2,0.6,3.0,0.95,19,0.7,4.0,5.0,4.8,6.2,2.6,6,6,0.39,1.8,Low
INT-0232,Engineering,15,33,28,0.85,5.8,0.78,2.0,0.97,30,0.81,6.3,8.5,8.3,6.9,6.3,10,1,0.65,2.3,High
INT-0233,Marketing,6,22,3,0.14,4.2,0.03,4.0,0.87,0,0.0,3.7,2.4,2.6,2.9,2.9,5,10,0.48,0.0,Low
INT-0234,Product,22,38,8,0.21,4.1,0.4,3.0,0.97,18,0.33,3.9,4.1,3.7,6.2,2.8,10,6,0.44,2.0,Low
INT-0235,Engineering,23,17,8,0.47,2.3,0.31,5.0,0.96,15,0.26,2.5,3.8,4.0,4.0,3.1,9,8,0.36,2.3,Low
INT-0236,Data Science,18,41,32,0.78,6.7,0.72,0.0,1.0,40,0.89,5.6,8.5,5.0,6.3,6.0,11,5,0.71,0.8,Medium
INT-0237,Data Science,18,38,33,0.87,7.4,0.84,3.0,0.97,36,0.8,6.5,6.4,7.8,9.5,7.6,9,1,0.67,1.1,High
INT-0238,Engineering,22,54,54,1.0,8.4,0.79,1.0,0.99,44,0.8,7.3,8.9,7.6,7.2,7.8,11,2,0.83,0.8,High
INT-0239,Engineering,8,57,20,0.35,3.5,0.24,3.0,0.92,6,0.3,3.2,4.9,3.1,5.3,3.6,5,6,0.45,2.2,Low
INT-0240,Data Science,13,41,12,0.29,2.9,0.23,4.0,0.94,4,0.12,2.2,2.3,2.8,3.0,3.1,8,10,0.45,0.1,Low
INT-0241,Engineering,13,41,16,0.39,5.0,0.79,0.0,1.0,32,1.0,6.4,9.7,6.4,8.7,3.2,6,4,0.52,1.0,Medium
INT-0242,Data Science,23,28,25,0.89,4.9,0.51,1.0,0.99,36,0.63,6.2,7.8,5.9,7.4,5.4,10,1,0.62,0.0,Medium
INT-0243,Design,10,45,29,0.64,5.3,0.62,0.0,1.0,16,0.64,5.5,6.1,5.9,5.0,4.7,7,9,0.57,0.2,Medium
INT-0244,Design,23,23,20,0.87,5.9,0.35,3.0,0.97,13,0.23,5.8,3.8,5.4,3.2,7.8,14,1,0.73,0.6,Medium
INT-0245,Design,19,10,10,1.0,7.1,0.81,1.0,0.99,44,0.94,7.2,5.3,6.9,6.3,8.0,12,2,0.69,3.0,High
INT-0246,Product,15,38,34,0.89,6.6,0.64,1.0,0.99,26,0.7,4.4,5.5,6.4,5.7,6.5,11,3,0.62,1.1,Medium
INT-0247,Product,23,10,3,0.3,4.8,0.41,2.0,0.98,19,0.33,5.1,4.7,3.4,5.5,4.4,12,4,0.54,0.8,Low
INT-0248,Design,4,42,31,0.74,7.8,0.59,2.0,0.9,5,0.5,6.1,4.3,5.4,5.0,7.3,5,0,0.68,0.2,Medium
INT-0249,Marketing,11,15,12,0.8,7.1,0.33,8.0,0.85,1,0.04,4.1,1.8,6.0,1.0,6.9,10,3,0.71,0.4,Medium
INT-0250,Design,12,49,14,0.29,1.0,0.45,1.0,0.98,20,0.67,3.2,7.4,5.2,5.2,2.6,7,7,0.4,0.5,Low
INT-0251,Product,14,27,9,0.33,3.4,0.69,0.0,1.0,26,0.74,5.3,8.5,6.6,8.3,3.3,7,2,0.45,0.4,Medium
INT-0252,Engineering,6,19,11,0.58,6.0,0.37,3.0,0.9,4,0.27,4.5,2.2,3.3,5.0,5.0,6,8,0.65,1.7,Medium
INT-0253,Data Science,16,30,30,1.0,7.7,0.75,2.0,0.98,20,0.5,7.3,5.6,7.6,7.4,9.0,13,2,0.6,0.2,High
INT-0254,Data Science,17,32,30,0.94,6.1,0.85,0.0,1.0,28,0.67,7.2,7.5,7.0,6.5,6.7,11,1,0.8,0.4,High
INT-0255,Marketing,11,49,39,0.8,5.4,0.51,3.0,0.95,10,0.37,5.0,4.2,4.5,4.9,5.8,7,4,0.59,0.3,Medium
INT-0256,Product,11,56,12,0.21,1.4,0.65,2.0,0.96,17,0.63,4.2,7.0,3.5,6.4,1.9,5,7,0.39,0.2,Low
INT-0257,Design,24,15,9,0.6,7.0,0.33,6.0,0.95,9,0.15,4.7,3.2,4.6,4.1,6.3,14,1,0.52,0.1,Medium
INT-0258,Product,22,43,33,0.77,6.4,0.63,3.0,0.97,38,0.69,6.1,6.9,4.9,5.7,6.7,11,3,0.6,0.6,Medium
INT-0259,Engineering,24,39,2,0.05,1.2,0.34,0.0,1.0,24,0.4,1.4,4.0,1.5,4.6,1.0,8,4,0.36,0.8,Low
INT-0260,Design,11,22,6,0.27,2.9,0.32,3.0,0.95,9,0.33,4.0,1.7,3.9,2.5,2.2,8,4,0.44,0.7,Low
INT-0261,Product,15,50,25,0.5,3.3,0.24,6.0,0.92,9,0.24,3.6,5.1,3.5,3.6,3.8,8,5,0.41,0.5,Low
INT-0262,Marketing,6,38,20,0.53,4.8,0.54,0.0,1.0,10,0.67,5.3,4.6,5.3,7.6,4.0,6,2,0.65,0.7,Medium
INT-0263,Design,20,17,17,1.0,9.0,0.63,1.0,0.99,34,0.68,8.1,4.7,8.3,4.5,8.7,13,1,0.79,2.4,High
INT-0264,Product,20,57,47,0.82,6.9,0.37,2.0,0.98,29,0.58,5.3,2.7,6.1,4.6,7.0,12,2,0.67,0.1,Medium
INT-0265,Data Science,23,17,11,0.65,3.7,0.48,2.0,0.98,41,0.72,4.7,5.1,5.1,5.2,4.5,13,2,0.58,0.6,Medium
INT-0266,Data Science,16,43,25,0.58,6.0,0.46,3.0,0.96,12,0.3,5.3,3.1,4.6,4.9,5.5,11,1,0.68,0.1,Medium
INT-0267,Marketing,7,15,13,0.87,7.9,0.48,3.0,0.91,7,0.41,6.6,4.5,6.2,4.8,8.1,6,7,0.87,0.9,Medium
INT-0268,Data Science,17,19,14,0.74,7.1,0.68,1.0,0.99,23,0.55,5.3,8.7,7.7,5.9,5.8,8,3,0.6,0.7,High
INT-0269,Data Science,17,16,4,0.25,2.8,0.49,4.0,0.95,26,0.62,5.1,5.3,3.8,5.7,4.0,10,1,0.5,2.3,Low
INT-0270,Marketing,17,19,19,1.0,8.6,0.71,2.0,0.98,26,0.62,6.2,6.0,7.1,4.5,9.5,11,0,1.0,0.5,High
INT-0271,Design,12,41,26,0.63,6.6,0.51,5.0,0.92,18,0.6,4.3,4.5,4.3,5.8,4.8,8,6,0.64,0.5,Medium
INT-0272,Data Science,18,16,3,0.19,2.0,0.72,0.0,1.0,33,0.73,5.6,7.1,4.7,7.5,2.3,8,12,0.4,0.0,Low
INT-0273,Engineering,24,46,17,0.37,4.2,0.49,0.0,1.0,43,0.72,3.0,5.8,5.3,7.9,3.3,10,7,0.45,0.4,Low
INT-0274,Engineering,14,38,34,0.89,6.4,0.35,6.0,0.91,0,0.0,4.2,1.5,5.5,3.0,7.6,10,3,0.7,0.2,Medium
INT-0275,Marketing,22,21,20,0.95,7.2,0.55,2.0,0.98,22,0.4,7.4,5.4,5.0,5.9,6.5,14,3,0.78,1.0,High
INT-0276,Engineering,10,26,13,0.5,3.6,0.57,0.0,1.0,17,0.68,4.5,6.3,5.0,6.7,3.5,8,4,0.52,0.7,Medium
INT-0277,Engineering,16,20,19,0.95,8.5,0.68,2.0,0.98,22,0.55,6.4,5.7,6.5,5.0,7.5,10,1,0.71,0.2,High
INT-0278,Marketing,13,54,31,0.57,5.0,0.49,7.0,0.89,12,0.38,3.2,5.2,3.5,5.0,3.8,9,5,0.6,0.8,Medium
INT-0279,Design,21,57,23,0.4,3.8,0.56,2.0,0.98,31,0.6,5.1,5.0,4.0,7.5,3.5,10,5,0.48,0.2,Low
INT-0280,Engineering,22,27,5,0.19,2.8,0.63,1.0,0.99,40,0.73,3.3,6.7,5.7,8.3,2.6,8,6,0.46,0.4,Low
INT-0281,Marketing,4,31,27,0.87,6.6,0.79,2.0,0.9,7,0.7,6.8,6.4,7.1,4.3,7.8,8,2,0.73,0.2,High
INT-0282,Data Science,24,48,48,1.0,8.2,0.37,6.0,0.95,7,0.12,5.0,1.1,5.3,4.2,7.5,14,2,0.73,2.0,Medium
INT-0283,Data Science,6,32,21,0.66,7.3,0.51,2.0,0.93,8,0.53,6.8,4.7,5.2,5.8,5.5,6,5,0.67,0.7,Medium
INT-0284,Engineering,17,31,15,0.48,5.3,0.06,2.0,0.98,0,0.0,3.1,1.6,4.2,1.0,3.9,8,1,0.51,0.9,Low
INT-0285,Data Science,17,20,19,0.95,7.2,0.59,1.0,0.99,18,0.43,7.0,3.6,7.7,5.1,6.9,10,1,0.79,1.2,High
INT-0286,Product,13,21,10,0.48,5.3,0.59,2.0,0.97,24,0.75,5.1,5.1,6.7,6.4,5.4,9,6,0.57,0.1,Medium
INT-0287,Design,15,17,11,0.65,6.0,0.41,3.0,0.96,10,0.27,5.3,3.8,4.5,5.9,4.3,7,2,0.66,0.0,Medium
INT-0288,Engineering,20,14,11,0.79,6.6,0.61,0.0,1.0,28,0.56,6.4,6.6,7.5,7.0,6.6,10,1,0.72,0.0,High
INT-0289,Design,13,38,34,0.89,6.3,0.64,3.0,0.95,20,0.62,6.0,6.0,5.2,6.0,6.7,8,5,0.6,1.5,Medium
INT-0290,Product,17,46,33,0.72,6.6,0.43,3.0,0.96,6,0.14,5.3,2.8,5.9,5.8,7.9,11,3,0.64,0.3,Medium
INT-0291,Product,15,56,20,0.36,4.5,0.54,5.0,0.93,22,0.59,5.5,5.0,4.3,5.9,5.4,10,5,0.59,0.5,Medium
INT-0292,Engineering,12,57,7,0.12,3.4,0.57,0.0,1.0,20,0.67,2.5,7.8,6.0,7.6,1.7,8,9,0.39,0.4,Low
INT-0293,Product,16,16,3,0.19,1.5,0.45,2.0,0.98,30,0.75,4.2,7.3,3.0,5.6,1.3,7,9,0.39,2.0,Low
INT-0294,Design,22,20,17,0.85,4.1,0.57,4.0,0.96,28,0.51,5.9,3.6,5.0,4.8,6.0,11,5,0.65,0.1,Medium
INT-0295,Product,20,13,7,0.54,6.7,0.21,6.0,0.94,7,0.14,5.1,3.1,2.8,2.8,5.4,11,7,0.64,0.5,Medium
INT-0296,Design,18,27,11,0.41,5.5,0.4,4.0,0.96,9,0.2,4.6,2.4,4.2,7.2,3.9,11,3,0.55,0.1,Low
INT-0297,Engineering,16,42,20,0.48,4.6,0.31,0.0,1.0,11,0.28,2.8,5.3,3.3,3.9,2.8,9,1,0.48,0.8,Low
INT-0298,Data Science,16,13,8,0.62,6.1,0.5,2.0,0.98,9,0.23,5.0,3.0,5.6,4.4,6.6,10,2,0.71,0.4,Medium
INT-0299,Engineering,5,49,49,1.0,5.9,0.6,2.0,0.92,5,0.42,7.0,4.5,6.6,6.2,7.7,6,1,0.8,1.2,High
INT-0300,Design,22,32,32,1.0,7.9,0.55,3.0,0.97,14,0.25,6.1,3.5,8.0,5.6,8.7,11,1,0.84,0.5,High
INT-0301,Marketing,16,28,16,0.57,6.4,0.25,3.0,0.96,1,0.03,5.0,2.0,6.6,4.0,6.7,8,5,0.73,0.8,Medium
INT-0302,Design,8,24,16,0.67,6.5,0.35,3.0,0.92,4,0.2,4.8,3.6,5.3,5.2,4.9,7,2,0.6,4.9,Medium
INT-0303,Data Science,17,33,25,0.76,5.7,0.79,1.0,0.99,31,0.74,7.6,6.9,6.6,6.3,7.0,11,2,0.68,0.0,High
INT-0304,Marketing,18,23,10,0.43,4.7,0.76,1.0,0.99,31,0.69,5.0,5.0,4.4,6.8,4.4,10,3,0.54,0.5,Medium
INT-0305,Marketing,17,44,40,0.91,6.1,0.4,6.0,0.93,10,0.24,6.8,3.2,4.9,3.4,7.4,12,2,0.85,2.8,Medium
INT-0306,Engineering,22,13,7,0.54,5.6,0.71,0.0,1.0,27,0.49,7.3,5.2,6.6,6.0,5.3,12,8,0.68,0.4,Medium
INT-0307,Data Science,14,34,23,0.68,7.5,0.37,1.0,0.99,12,0.34,5.6,7.4,5.5,4.7,5.4,7,1,0.57,0.5,Medium
INT-0308,Engineering,22,16,13,0.81,7.9,0.58,1.0,0.99,37,0.67,6.3,5.4,5.8,6.6,8.7,14,2,0.81,0.1,High
INT-0309,Engineering,18,54,26,0.48,2.3,0.31,7.0,0.92,7,0.16,3.0,3.9,2.8,2.6,1.7,9,6,0.4,0.3,Low
INT-0310,Product,12,36,11,0.31,5.0,0.49,4.0,0.93,17,0.57,4.2,3.9,3.6,5.5,3.9,8,7,0.51,0.6,Low
INT-0311,Data Science,15,37,18,0.49,3.2,0.3,3.0,0.96,7,0.19,3.5,3.9,4.5,2.6,3.7,6,6,0.54,0.4,Low
INT-0312,Data Science,11,56,23,0.41,4.9,0.36,5.0,0.91,8,0.3,4.3,5.5,4.7,5.3,4.4,7,4,0.56,1.0,Low
INT-0313,Data Science,13,16,4,0.25,3.1,0.15,0.0,1.0,3,0.09,3.0,2.5,1.8,3.5,2.7,7,4,0.36,0.2,Low
INT-0314,Product,21,55,55,1.0,7.1,0.56,4.0,0.96,21,0.4,5.4,4.2,5.2,6.1,7.5,12,2,0.73,0.6,Medium
INT-0315,Engineering,7,26,11,0.42,3.9,0.44,5.0,0.86,9,0.53,4.6,4.8,5.5,7.7,3.7,5,2,0.56,0.0,Low
INT-0316,Product,24,44,31,0.7,4.4,0.47,5.0,0.96,32,0.53,4.4,5.0,4.5,6.6,4.9,10,3,0.61,1.0,Medium
INT-0317,Data Science,24,31,17,0.55,5.7,0.62,1.0,0.99,39,0.65,4.9,5.4,5.9,7.1,4.4,10,3,0.64,0.4,Medium
INT-0318,Product,21,58,37,0.64,5.4,0.31,4.0,0.96,13,0.25,5.2,2.9,4.8,1.4,5.5,11,3,0.68,0.9,Medium
INT-0319,Data Science,21,28,0,0.0,2.3,0.18,5.0,0.95,0,0.0,1.0,2.8,2.0,1.9,1.0,10,3,0.39,0.3,Low
INT-0320,Engineering,13,53,25,0.47,3.8,0.34,3.0,0.95,10,0.31,3.5,1.0,3.5,3.5,4.6,9,5,0.63,0.3,Low
INT-0321,Data Science,14,20,19,0.95,6.8,0.64,4.0,0.94,25,0.71,7.5,6.7,6.4,6.4,6.8,10,2,0.79,1.1,High
INT-0322,Marketing,17,36,12,0.33,2.5,0.74,1.0,0.99,33,0.79,5.8,8.8,6.0,9.1,3.7,9,4,0.52,1.7,Medium
INT-0323,Design,21,59,40,0.68,5.2,0.57,0.0,1.0,27,0.52,5.4,6.7,5.7,5.3,4.8,11,7,0.63,0.7,Medium
INT-0324,Marketing,12,42,37,0.88,5.1,0.39,2.0,0.97,8,0.27,6.7,2.5,6.3,3.7,7.6,8,0,0.77,1.9,Medium
INT-0325,Design,5,22,14,0.64,2.8,0.41,2.0,0.92,3,0.25,5.4,5.6,5.6,6.0,4.4,6,8,0.6,1.1,Medium
INT-0326,Product,6,53,37,0.7,4.7,0.7,0.0,1.0,10,0.67,6.4,5.2,5.1,8.0,5.1,5,8,0.56,1.2,Medium
INT-0327,Marketing,20,56,22,0.39,2.6,0.44,2.0,0.98,24,0.48,3.2,3.9,4.1,6.2,2.8,9,5,0.34,0.3,Low
INT-0328,Data Science,13,53,31,0.58,5.2,0.2,8.5,0.86,5,0.16,2.9,1.7,3.7,3.8,5.8,9,1,0.62,1.2,Low
INT-0329,Marketing,11,38,19,0.5,5.6,0.38,5.0,0.91,4,0.15,2.9,1.5,3.8,4.2,4.6,7,4,0.55,1.8,Low
INT-0330,Product,4,45,41,0.91,7.6,0.42,2.0,0.9,2,0.2,5.3,2.8,6.3,2.7,7.5,6,1,0.78,1.8,Medium
INT-0331,Product,11,22,9,0.41,3.8,0.37,2.0,0.96,7,0.26,3.2,3.8,3.6,4.5,3.9,8,3,0.47,0.9,Low
INT-0332,Product,20,47,28,0.6,5.3,0.34,3.0,0.97,14,0.28,4.1,3.9,3.4,3.3,5.7,12,3,0.6,0.7,Medium
INT-0333,Product,4,52,48,0.92,7.6,0.57,4.0,0.8,6,0.6,6.6,6.2,6.8,6.2,8.4,8,1,0.92,0.3,High
INT-0334,Data Science,21,32,17,0.53,4.8,0.6,1.0,0.99,41,0.79,4.8,7.8,6.5,8.0,3.7,11,6,0.59,0.7,Medium
INT-0335,Marketing,24,13,12,0.92,7.2,0.58,0.0,1.0,41,0.68,6.7,6.0,7.4,6.1,8.7,15,2,0.74,0.5,High
INT-0336,Design,16,23,14,0.61,6.2,0.64,1.0,0.99,29,0.72,6.2,6.7,5.8,8.1,5.9,8,4,0.68,1.4,Medium
INT-0337,Marketing,16,20,10,0.5,6.0,0.54,6.0,0.92,17,0.42,5.8,5.6,5.2,4.7,5.2,8,8,0.55,0.0,Medium
INT-0338,Data Science,5,45,2,0.04,1.9,0.33,3.0,0.88,4,0.33,3.1,2.7,3.4,3.4,1.0,5,10,0.4,0.2,Low
INT-0339,Engineering,16,50,28,0.56,5.3,0.8,0.0,1.0,40,1.0,6.2,8.7,6.2,9.0,4.7,8,3,0.6,0.3,Medium
INT-0340,Design,10,54,44,0.81,5.6,0.6,0.0,1.0,19,0.76,6.7,7.4,5.5,7.4,5.8,8,6,0.65,1.9,Medium
INT-0341,Data Science,8,42,31,0.74,6.4,0.33,8.0,0.8,0,0.0,4.8,1.0,4.6,4.9,6.5,9,0,0.74,0.9,Medium
INT-0342,Data Science,13,40,1,0.03,1.8,0.25,2.0,0.97,11,0.34,1.0,2.4,1.7,4.3,1.0,5,5,0.31,1.1,Low
INT-0343,Product,9,18,16,0.89,6.7,0.54,4.0,0.91,10,0.45,6.3,6.1,4.6,5.1,6.9,7,1,0.69,0.2,Medium
INT-0344,Engineering,5,36,36,1.0,7.4,0.32,5.0,0.8,1,0.08,4.9,2.9,6.2,1.5,7.6,7,1,0.89,0.7,Medium
INT-0345,Engineering,4,44,32,0.73,4.7,0.4,6.0,0.7,3,0.3,4.1,2.4,6.4,5.8,5.6,4,5,0.59,0.3,Medium
INT-0346,Product,7,11,11,1.0,7.4,0.62,0.0,1.0,10,0.59,8.1,7.7,5.9,5.9,8.4,9,1,0.81,1.3,High
INT-0347,Data Science,21,24,16,0.67,3.9,0.55,8.0,0.92,25,0.48,5.5,6.5,5.7,6.3,5.1,9,0,0.63,0.1,Medium
INT-0348,Product,5,50,35,0.7,5.6,0.76,0.0,1.0,9,0.75,6.4,5.7,7.7,7.5,6.3,7,1,0.67,0.5,Medium
INT-0349,Design,10,39,19,0.49,4.2,0.61,1.0,0.98,20,0.8,5.1,5.6,5.1,8.3,3.7,4,4,0.47,0.2,Medium
INT-0350,Design,20,35,23,0.66,5.8,0.49,3.0,0.97,19,0.38,4.6,5.1,5.0,5.8,5.5,9,2,0.64,1.8,Medium
INT-0351,Product,15,20,4,0.2,2.0,0.47,0.0,1.0,24,0.65,5.3,6.2,3.8,5.0,2.5,8,4,0.51,0.3,Low
INT-0352,Marketing,10,22,16,0.73,5.4,0.55,0.0,1.0,14,0.56,4.5,4.9,5.7,5.6,5.2,7,5,0.71,0.2,Medium
INT-0353,Engineering,4,52,5,0.1,3.8,0.23,4.0,0.8,2,0.2,2.2,4.4,3.3,4.0,3.0,4,3,0.38,0.1,Low
INT-0354,Design,22,32,20,0.62,5.4,0.83,1.0,0.99,49,0.89,6.8,7.9,6.8,9.4,5.0,10,5,0.68,0.3,Medium
INT-0355,Design,13,43,26,0.6,5.2,0.54,2.0,0.97,10,0.31,5.1,4.5,4.7,5.7,6.2,9,3,0.67,0.2,Medium
INT-0356,Design,8,37,1,0.03,1.0,0.24,5.0,0.88,6,0.3,3.0,3.0,1.0,3.0,1.0,4,11,0.25,0.1,Low
INT-0357,Engineering,16,46,25,0.54,4.1,0.12,6.0,0.92,4,0.1,4.0,2.7,2.8,1.8,3.4,8,11,0.54,1.6,Low
INT-0358,Data Science,17,17,17,1.0,6.7,0.48,2.0,0.98,12,0.29,6.9,5.2,7.5,5.8,8.5,13,0,0.82,2.8,High
INT-0359,Engineering,6,53,16,0.3,4.1,0.49,0.0,1.0,9,0.6,6.2,6.6,4.6,7.3,5.2,5,4,0.58,0.9,Medium
INT-0360,Design,5,52,52,1.0,5.8,0.35,6.0,0.76,2,0.17,5.1,1.6,5.5,3.4,6.9,8,2,0.78,0.9,Medium
INT-0361,Product,19,17,13,0.76,7.0,0.53,2.0,0.98,13,0.28,6.5,4.8,7.2,4.1,7.6,10,3,0.72,1.2,Medium
INT-0362,Engineering,15,41,38,0.93,8.6,0.87,0.0,1.0,37,1.0,7.4,8.2,6.8,8.5,7.6,11,1,0.85,0.4,High
INT-0363,Product,7,51,37,0.73,5.8,0.29,0.0,1.0,7,0.41,5.0,3.3,5.3,5.8,5.9,8,2,0.7,0.6,Medium
INT-0364,Data Science,19,27,10,0.37,3.9,0.51,3.0,0.97,34,0.72,3.1,7.7,4.9,8.9,3.2,9,5,0.52,0.3,Low
INT-0365,Data Science,9,46,19,0.41,5.5,0.31,0.0,1.0,5,0.23,3.5,3.7,3.6,3.0,3.3,7,8,0.52,1.1,Low
INT-0366,Engineering,21,27,7,0.26,5.1,0.5,2.0,0.98,32,0.62,4.0,4.9,5.6,6.6,3.4,10,6,0.5,0.1,Low
INT-0367,Data Science,22,56,53,0.95,5.1,0.55,3.0,0.97,23,0.42,6.1,4.4,6.5,3.2,6.1,10,3,0.65,0.1,Medium
INT-0368,Product,9,29,17,0.59,6.6,0.61,3.0,0.93,15,0.68,5.6,6.0,6.1,5.6,4.6,7,4,0.58,0.6,Medium
INT-0369,Product,12,14,7,0.5,3.5,0.64,2.0,0.97,22,0.73,4.7,6.8,6.5,5.1,3.1,8,4,0.55,0.7,Medium
INT-0370,Marketing,17,10,5,0.5,4.2,0.4,3.0,0.96,16,0.38,4.0,6.5,5.5,5.7,3.7,7,6,0.45,0.2,Medium
INT-0371,Product,21,44,34,0.77,7.4,0.71,4.0,0.96,26,0.5,6.5,5.6,5.5,5.9,8.2,10,0,0.88,0.3,High
INT-0372,Marketing,6,56,56,1.0,7.1,0.67,2.0,0.93,8,0.53,6.5,5.4,6.0,5.9,7.4,8,1,0.76,0.5,High
INT-0373,Design,13,15,10,0.67,3.7,0.59,2.0,0.97,21,0.66,4.9,6.6,5.8,8.0,4.8,6,5,0.56,0.8,Medium
INT-0374,Data Science,12,42,39,0.93,7.4,0.55,1.0,0.98,15,0.5,6.3,4.6,6.7,4.9,7.7,9,2,0.85,1.0,High
INT-0375,Product,8,12,8,0.67,5.0,0.34,4.0,0.9,6,0.3,5.1,2.6,5.3,5.1,5.4,5,3,0.62,1.1,Medium
INT-0376,Product,14,33,24,0.73,4.7,0.64,1.0,0.99,27,0.77,5.7,7.3,5.4,6.1,4.1,8,4,0.61,0.4,Medium
INT-0377,Data Science,15,19,15,0.79,6.1,0.62,1.0,0.99,21,0.57,5.5,8.7,6.5,7.0,6.3,9,3,0.65,0.2,Medium
INT-0378,Product,24,36,13,0.36,4.4,0.4,5.0,0.96,11,0.18,2.8,3.2,3.4,3.3,3.7,11,5,0.5,0.4,Low
INT-0379,Engineering,6,17,7,0.41,4.5,0.24,1.0,0.97,5,0.33,4.6,4.0,3.5,3.2,3.5,6,1,0.54,0.1,Low
INT-0380,Marketing,20,51,49,0.96,7.0,0.66,2.0,0.98,30,0.6,6.7,6.3,5.3,6.2,6.9,13,2,0.75,1.0,High
INT-0381,Engineering,13,30,30,1.0,7.0,0.52,4.0,0.94,8,0.25,6.1,3.3,6.2,4.4,8.4,9,0,0.8,0.7,High
INT-0382,Data Science,6,29,18,0.62,5.1,0.26,0.0,1.0,2,0.13,5.2,1.5,3.3,1.9,4.3,5,4,0.59,0.6,Low
INT-0383,Design,23,49,20,0.41,3.3,0.35,2.0,0.98,26,0.46,3.9,4.4,5.2,6.3,4.0,9,5,0.51,3.1,Low
INT-0384,Data Science,13,15,1,0.07,2.1,0.52,0.0,1.0,22,0.69,3.9,5.0,3.6,6.2,2.4,8,5,0.37,0.0,Low
INT-0385,Data Science,6,16,11,0.69,6.5,0.85,0.0,1.0,12,0.8,6.1,8.0,5.7,9.4,6.2,7,2,0.69,0.4,Medium
INT-0386,Engineering,18,24,7,0.29,2.1,0.61,0.0,1.0,39,0.87,4.1,6.4,3.3,6.4,3.6,8,9,0.48,0.3,Low
INT-0387,Engineering,20,56,38,0.68,6.0,0.33,1.0,0.99,22,0.44,6.5,5.0,4.5,6.4,4.5,9,4,0.59,0.8,Medium
INT-0388,Data Science,9,59,13,0.22,3.3,0.36,2.0,0.96,7,0.32,3.4,4.1,3.8,5.4,2.7,5,4,0.37,0.4,Low
INT-0389,Product,10,47,15,0.32,3.8,0.22,3.0,0.94,3,0.12,3.4,2.8,3.7,3.4,3.8,7,6,0.48,0.8,Low
INT-0390,Product,23,35,25,0.71,5.3,0.48,5.0,0.96,28,0.49,4.7,3.7,4.6,5.7,5.6,10,2,0.65,0.8,Medium
INT-0391,Data Science,22,45,45,1.0,5.8,0.36,4.0,0.96,1,0.02,5.0,2.6,4.8,1.5,6.7,11,3,0.79,1.6,Medium
INT-0392,Marketing,20,57,22,0.39,3.8,0.53,1.0,0.99,27,0.54,3.7,7.6,4.9,6.0,3.3,8,5,0.5,1.6,Low
INT-0393,Marketing,19,18,7,0.39,6.9,0.79,0.0,1.0,36,0.77,7.2,7.4,6.1,8.9,4.2,10,5,0.57,1.0,Medium
INT-0394,Data Science,24,30,13,0.43,3.5,0.28,7.0,0.94,7,0.12,4.0,1.0,2.8,3.7,3.7,11,5,0.56,0.3,Low
INT-0395,Design,6,37,19,0.51,7.7,0.41,3.0,0.9,1,0.07,4.4,3.6,4.6,3.2,6.3,5,2,0.61,0.5,Medium
INT-0396,Engineering,7,13,11,0.85,7.8,0.36,4.0,0.89,3,0.18,4.5,2.1,4.0,3.4,6.4,7,4,0.71,2.0,Medium
INT-0397,Marketing,13,10,3,0.3,1.6,0.46,2.0,0.97,19,0.59,4.0,5.8,3.6,6.1,3.6,6,9,0.39,0.8,Low
INT-0398,Marketing,15,43,43,1.0,7.5,0.7,0.0,1.0,31,0.84,8.3,8.9,8.1,6.4,8.5,10,0,0.88,0.4,High
INT-0399,Product,22,50,29,0.58,4.4,0.62,1.0,0.99,41,0.75,4.9,5.0,4.7,6.7,5.3,12,8,0.61,1.0,Medium
INT-0400,Design,5,38,17,0.45,4.2,0.75,0.0,1.0,11,0.92,8.2,9.5,6.0,8.1,5.5,6,1,0.64,0.3,Medium
INT-0401,Marketing,17,22,18,0.82,7.4,0.79,0.0,1.0,33,0.79,7.1,8.8,7.4,6.5,6.7,11,1,0.71,1.6,High
INT-0402,Design,14,56,41,0.73,6.5,0.47,3.0,0.96,13,0.37,6.6,4.2,5.0,4.3,6.1,10,3,0.6,0.1,Medium
INT-0403,Marketing,14,51,18,0.35,2.3,0.62,2.0,0.97,18,0.51,5.8,6.3,4.6,5.7,4.1,9,10,0.5,1.3,Medium
INT-0404,Data Science,6,19,6,0.32,4.4,0.41,3.0,0.9,4,0.27,4.0,3.4,4.7,4.3,3.6,4,2,0.44,0.3,Low
INT-0405,Engineering,19,56,50,0.89,5.7,0.74,0.0,1.0,39,0.83,8.7,6.9,8.8,8.1,7.3,10,1,0.7,1.0,High
INT-0406,Product,11,42,42,1.0,8.1,0.81,5.0,0.91,19,0.7,7.2,5.3,8.1,3.9,10.0,10,0,0.9,0.1,High
INT-0407,Engineering,14,57,57,1.0,7.2,0.88,0.0,1.0,30,0.86,8.0,8.5,8.5,9.5,8.2,11,2,0.8,0.5,High
INT-0408,Design,5,50,48,0.96,7.5,0.37,2.0,0.92,2,0.17,4.8,2.0,4.2,3.5,7.4,6,2,0.81,0.3,Medium
INT-0409,Data Science,22,39,39,1.0,8.2,0.43,8.0,0.93,9,0.16,7.3,1.8,5.2,2.8,9.0,14,1,0.85,0.2,High
INT-0410,Design,9,31,9,0.29,3.3,0.43,1.0,0.98,11,0.5,4.1,6.4,4.9,6.8,3.5,4,7,0.56,1.1,Low
INT-0411,Data Science,6,18,2,0.11,3.9,0.56,2.0,0.93,8,0.53,4.2,6.7,5.6,9.6,1.4,3,1,0.4,1.3,Low
INT-0412,Data Science,19,18,1,0.06,2.0,0.65,0.0,1.0,39,0.83,6.0,7.0,5.1,8.5,2.8,8,8,0.4,0.2,Low
INT-0413,Product,15,33,19,0.58,3.4,0.6,0.0,1.0,27,0.73,5.8,8.2,5.1,6.4,2.5,9,6,0.55,0.1,Medium
INT-0414,Data Science,6,31,23,0.74,5.4,0.67,1.0,0.97,11,0.73,6.5,8.5,5.7,8.3,7.0,5,3,0.65,1.1,Medium
INT-0415,Product,19,47,27,0.57,5.8,0.72,0.0,1.0,32,0.68,5.3,7.8,5.8,6.0,4.5,11,8,0.56,2.3,Medium
INT-0416,Engineering,13,19,16,0.84,5.1,0.56,3.0,0.95,13,0.41,5.6,5.4,5.6,5.1,6.6,8,2,0.74,0.2,Medium
INT-0417,Marketing,21,26,16,0.62,6.5,0.67,3.0,0.97,39,0.75,6.8,8.8,7.3,6.1,4.9,9,4,0.65,1.5,Medium
INT-0418,Marketing,12,56,47,0.84,5.7,0.73,3.0,0.95,21,0.7,5.8,6.9,4.8,6.0,5.9,9,5,0.75,0.6,Medium
INT-0419,Engineering,16,58,34,0.59,3.8,0.29,8.5,0.88,3,0.07,2.6,3.3,4.1,4.9,4.3,7,7,0.55,0.3,Low
INT-0420,Engineering,23,24,23,0.96,8.4,0.77,2.0,0.98,36,0.63,7.9,7.1,9.3,7.7,7.8,13,5,0.83,0.3,High
INT-0421,Engineering,9,50,50,1.0,9.0,0.7,0.0,1.0,12,0.55,8.1,5.0,7.4,6.1,8.2,10,1,0.84,0.1,High
INT-0422,Marketing,14,32,15,0.47,3.5,0.26,4.0,0.94,5,0.14,3.5,5.0,3.4,3.3,2.8,9,3,0.59,0.5,Low
INT-0423,Data Science,14,49,19,0.39,4.8,0.29,5.0,0.93,7,0.2,4.5,5.0,5.1,4.8,5.3,10,4,0.57,0.4,Low
INT-0424,Design,8,39,35,0.9,7.2,0.52,0.0,1.0,7,0.35,6.2,4.3,5.3,5.5,6.4,7,5,0.66,0.1,Medium
INT-0425,Engineering,14,12,3,0.25,3.6,0.5,1.0,0.99,26,0.74,2.3,7.8,4.0,6.9,2.0,5,9,0.4,0.7,Low
INT-0426,Engineering,5,30,25,0.83,6.8,0.45,3.0,0.88,2,0.17,6.0,1.5,4.3,4.6,6.8,5,4,0.69,0.5,Medium
INT-0427,Design,10,54,35,0.65,6.2,0.8,1.0,0.98,19,0.76,6.0,7.3,5.6,7.1,4.4,8,8,0.6,0.4,Medium
INT-0428,Product,6,58,25,0.43,5.1,0.6,1.0,0.97,11,0.73,6.7,7.3,5.0,5.9,4.1,4,10,0.46,1.0,Medium
INT-0429,Product,8,57,32,0.56,6.1,0.43,2.0,0.95,6,0.3,6.5,3.9,5.8,4.5,6.8,7,1,0.62,0.7,Medium
INT-0430,Design,7,45,29,0.64,4.0,0.58,3.0,0.91,11,0.65,5.3,4.5,5.3,6.4,4.7,4,5,0.61,0.3,Medium
INT-0431,Data Science,19,38,20,0.53,2.8,0.17,3.0,0.97,7,0.15,2.4,2.9,1.9,2.5,3.6,10,5,0.51,0.6,Low
INT-0432,Marketing,9,31,5,0.16,2.0,0.53,1.0,0.98,14,0.64,3.8,7.7,1.3,7.1,2.2,6,12,0.48,0.4,Low
INT-0433,Design,7,37,15,0.41,4.6,0.43,4.0,0.89,9,0.53,4.3,5.3,3.5,3.5,3.4,7,7,0.45,1.8,Low
INT-0434,Engineering,8,11,9,0.82,7.2,0.37,8.0,0.8,3,0.15,5.3,3.6,6.9,3.7,9.1,6,1,0.81,0.4,Medium
INT-0435,Product,19,26,13,0.5,4.5,0.34,1.0,0.99,11,0.23,4.5,2.9,4.7,1.9,4.4,11,2,0.59,0.2,Low
INT-0436,Engineering,17,47,15,0.32,3.5,0.51,1.0,0.99,26,0.62,5.0,4.5,4.9,5.0,3.6,9,6,0.48,1.9,Low
INT-0437,Product,10,22,22,1.0,8.3,0.37,5.0,0.9,4,0.16,6.1,4.5,5.8,1.3,7.2,8,0,0.77,0.7,Medium
INT-0438,Product,22,15,15,1.0,6.4,0.64,2.0,0.98,40,0.73,6.0,7.5,8.9,6.9,7.7,13,1,0.87,0.6,High
INT-0439,Marketing,12,36,16,0.44,4.5,0.21,4.0,0.93,7,0.23,3.8,3.8,4.3,1.8,4.3,9,6,0.56,0.1,Low
INT-0440,Data Science,21,48,48,1.0,8.2,0.71,0.0,1.0,24,0.46,7.4,4.5,7.0,5.2,9.0,12,2,0.86,1.8,High
INT-0441,Marketing,11,30,12,0.4,3.0,0.44,3.0,0.95,14,0.52,4.0,4.0,2.9,4.5,2.8,6,4,0.45,0.1,Low
INT-0442,Marketing,21,30,8,0.27,5.1,0.16,2.0,0.98,0,0.0,3.2,1.8,3.9,1.0,3.0,9,6,0.43,0.3,Low
INT-0443,Product,16,42,12,0.29,3.1,0.64,3.0,0.96,30,0.75,6.5,7.0,5.5,7.2,3.6,9,7,0.43,0.1,Medium
INT-0444,Design,16,25,7,0.28,1.9,0.66,0.0,1.0,35,0.88,4.3,5.0,3.4,6.4,2.6,8,4,0.46,0.4,Low
INT-0445,Product,7,30,11,0.37,2.4,0.32,3.0,0.91,4,0.24,2.9,2.4,3.7,5.0,3.4,4,1,0.48,0.1,Low
INT-0446,Product,22,24,24,1.0,8.5,0.48,2.0,0.98,20,0.36,5.7,3.6,7.4,5.5,9.6,14,0,0.86,0.6,High
INT-0447,Marketing,23,20,8,0.4,5.3,0.15,8.5,0.92,11,0.19,3.9,3.4,4.1,4.5,3.6,12,5,0.6,0.8,Low
INT-0448,Engineering,4,51,5,0.1,1.2,0.69,1.0,0.95,10,1.0,4.5,6.9,3.3,9.0,1.1,2,6,0.36,0.5,Low
INT-0449,Product,15,22,14,0.64,4.3,0.48,2.0,0.97,18,0.49,3.6,7.4,5.5,7.1,5.4,7,0,0.55,0.4,Medium
INT-0450,Product,6,13,10,0.77,6.4,0.59,4.0,0.87,9,0.6,6.6,4.3,4.0,6.3,5.7,7,5,0.58,0.1,Medium
INT-0451,Design,17,39,35,0.9,7.3,0.76,0.0,1.0,33,0.79,7.8,8.7,6.7,7.6,7.1,12,0,0.8,1.6,High
INT-0452,Engineering,20,50,28,0.56,4.6,0.81,0.0,1.0,37,0.74,5.5,7.5,5.1,6.7,4.7,11,9,0.6,1.2,Medium
INT-0453,Marketing,13,11,4,0.36,2.0,0.22,5.0,0.92,7,0.22,3.7,1.0,3.9,3.0,3.8,5,8,0.5,0.5,Low
INT-0454,Marketing,11,26,24,0.92,6.7,0.55,1.0,0.98,16,0.59,6.5,4.9,5.9,4.7,7.1,10,4,0.78,0.5,Medium
INT-0455,Design,4,42,29,0.69,4.4,0.24,4.0,0.8,2,0.2,3.5,3.5,4.9,4.9,5.7,6,7,0.55,0.6,Medium
INT-0456,Marketing,4,11,8,0.73,6.4,0.54,3.0,0.85,2,0.2,7.0,4.8,6.1,4.1,7.0,6,2,0.72,1.6,Medium
INT-0457,Engineering,15,54,22,0.41,4.0,0.85,0.0,1.0,34,0.92,5.4,6.6,5.5,7.7,4.2,9,6,0.55,0.2,Medium
INT-0458,Marketing,6,10,6,0.6,4.8,0.57,2.0,0.93,12,0.8,4.8,5.9,5.6,8.3,5.3,5,5,0.61,0.1,Medium
INT-0459,Product,6,36,8,0.22,1.7,0.52,2.0,0.93,9,0.6,4.0,6.1,4.4,7.2,2.2,5,3,0.38,1.1,Low
INT-0460,Data Science,22,17,13,0.76,6.3,0.28,3.0,0.97,20,0.36,6.6,3.2,4.3,4.8,7.5,12,2,0.79,0.3,Medium
INT-0461,Design,22,31,8,0.26,4.0,0.57,1.0,0.99,37,0.67,5.3,6.1,4.9,5.3,3.8,12,3,0.47,0.4,Low
INT-0462,Marketing,12,41,40,0.98,8.2,0.56,2.0,0.97,17,0.57,7.3,4.9,7.2,5.2,7.7,11,0,0.82,1.0,High
INT-0463,Engineering,4,45,24,0.53,4.1,0.34,3.0,0.85,4,0.4,4.0,5.0,5.1,5.2,3.9,2,4,0.43,0.0,Low
INT-0464,Design,13,46,0,0.0,2.0,0.58,1.0,0.98,22,0.69,2.5,6.8,3.8,7.5,1.8,5,4,0.35,0.3,Low
INT-0465,Design,23,33,11,0.33,2.5,0.19,5.0,0.96,0,0.0,3.3,2.4,2.5,2.3,2.7,10,7,0.5,1.8,Low
INT-0466,Product,22,41,35,0.85,6.2,0.51,4.0,0.96,36,0.65,4.6,4.7,5.5,5.6,6.1,13,3,0.66,0.6,Medium
INT-0467,Data Science,13,25,13,0.52,7.1,0.26,6.0,0.91,3,0.09,4.9,1.0,4.5,3.0,6.5,9,2,0.69,1.8,Medium
INT-0468,Design,7,55,51,0.93,6.2,0.39,2.0,0.94,4,0.24,6.4,4.4,4.2,5.0,8.3,8,2,0.8,0.4,Medium
INT-0469,Marketing,19,20,3,0.15,4.2,0.25,7.0,0.93,10,0.21,4.0,1.8,2.7,3.2,2.5,7,7,0.5,0.3,Low
INT-0470,Design,9,15,10,0.67,6.2,0.72,1.0,0.98,18,0.82,5.2,4.7,6.2,8.5,5.9,9,2,0.69,0.4,Medium
INT-0471,Data Science,22,57,44,0.77,6.5,0.43,2.0,0.98,30,0.55,6.9,3.1,6.1,5.0,6.2,12,4,0.6,1.8,Medium
INT-0472,Data Science,18,13,8,0.62,4.1,0.21,4.0,0.96,8,0.18,3.2,1.3,4.2,4.7,4.1,11,5,0.48,0.7,Low
INT-0473,Engineering,15,56,56,1.0,7.1,0.88,1.0,0.99,31,0.84,7.8,8.7,6.1,7.5,8.1,12,2,0.78,0.9,High
INT-0474,Engineering,12,39,27,0.69,5.6,0.52,2.0,0.97,17,0.57,6.6,5.6,5.2,3.8,6.1,9,4,0.64,0.7,Medium
INT-0475,Product,4,31,31,1.0,10.0,0.8,0.0,1.0,8,0.8,7.5,6.0,7.3,6.6,9.8,8,0,0.89,0.2,High
INT-0476,Design,24,14,10,0.71,4.8,0.57,3.0,0.98,26,0.43,6.3,5.0,5.8,6.4,5.7,14,2,0.7,0.9,Medium
INT-0477,Design,21,28,8,0.29,2.7,0.3,8.0,0.92,6,0.12,3.6,4.1,3.6,4.9,2.5,8,7,0.39,3.4,Low
INT-0478,Data Science,16,16,10,0.62,5.0,0.47,0.0,1.0,20,0.5,5.4,6.0,4.5,5.1,5.7,10,2,0.7,0.4,Medium
INT-0479,Product,8,51,33,0.65,6.1,0.42,5.0,0.88,3,0.15,3.7,3.3,4.5,1.8,5.2,6,5,0.66,1.8,Medium
INT-0480,Product,21,58,2,0.03,1.6,0.13,3.0,0.97,10,0.19,2.4,2.8,3.8,2.0,1.7,8,7,0.6,2.2,Low
INT-0481,Marketing,9,26,22,0.85,6.6,0.36,2.0,0.96,2,0.09,3.9,3.3,4.7,2.6,6.4,8,2,0.64,1.2,Medium
INT-0482,Data Science,22,45,34,0.76,7.2,0.42,6.0,0.95,10,0.18,3.9,2.9,6.7,3.6,7.1,14,2,0.76,0.2,Medium
INT-0483,Marketing,4,10,2,0.2,2.7,0.25,6.0,0.7,2,0.2,1.6,1.6,3.6,2.0,1.3,4,7,0.48,1.5,Low
INT-0484,Product,21,31,13,0.42,3.5,0.67,2.0,0.98,45,0.87,5.2,7.6,5.0,7.4,3.2,9,8,0.53,0.0,Medium
INT-0485,Engineering,24,30,26,0.87,8.3,0.54,5.0,0.96,28,0.47,4.4,4.4,4.7,4.8,7.5,14,1,0.73,1.0,Medium
INT-0486,Design,23,47,35,0.74,7.5,0.89,0.0,1.0,47,0.82,7.5,7.6,8.6,8.5,7.3,13,2,0.73,0.5,High
INT-0487,Engineering,20,49,49,1.0,5.1,0.57,0.0,1.0,34,0.68,6.6,6.4,5.3,7.8,5.3,10,6,0.71,1.4,High
INT-0488,Marketing,14,21,14,0.67,6.4,0.34,4.0,0.94,9,0.26,5.6,2.8,4.7,3.5,7.0,10,5,0.67,0.4,Medium
INT-0489,Design,7,36,34,0.94,8.1,0.78,0.0,1.0,10,0.59,7.3,7.8,7.4,8.0,8.8,7,1,0.86,0.5,High
INT-0490,Product,11,37,32,0.86,7.3,0.66,0.0,1.0,23,0.85,6.4,7.6,7.2,7.4,5.8,7,0,0.65,0.6,High
INT-0491,Marketing,17,19,1,0.05,1.0,0.27,1.0,0.99,14,0.33,4.5,4.6,2.8,4.4,2.6,9,9,0.29,0.3,Low
INT-0492,Marketing,6,25,8,0.32,3.8,0.61,1.0,0.97,11,0.73,4.2,7.0,4.2,6.1,2.9,3,5,0.47,1.0,Low
INT-0493,Engineering,5,39,24,0.62,5.6,0.54,2.0,0.92,5,0.42,6.1,4.5,7.5,5.2,6.6,8,6,0.67,0.3,Medium
INT-0494,Data Science,10,58,58,1.0,8.1,0.54,3.0,0.94,8,0.32,7.2,4.5,6.2,5.2,7.8,8,1,0.81,2.5,High
INT-0495,Design,19,18,9,0.5,4.9,0.52,3.0,0.97,25,0.53,4.8,5.6,3.6,6.1,5.0,11,9,0.72,0.1,Medium
INT-0496,Product,7,28,10,0.36,3.3,0.68,1.0,0.97,14,0.82,5.1,7.0,4.3,8.1,3.3,6,3,0.42,1.8,Medium
INT-0497,Engineering,16,59,0,0.0,1.9,0.11,8.5,0.88,8,0.2,2.1,1.5,1.6,4.0,1.7,6,8,0.41,0.3,Low
INT-0498,Marketing,14,13,3,0.23,2.4,0.66,0.0,1.0,27,0.77,4.6,6.3,5.1,7.6,3.3,9,5,0.5,1.8,Low
INT-0499,Data Science,15,14,3,0.21,3.8,0.54,0.0,1.0,18,0.49,3.1,5.5,4.7,6.7,4.1,9,7,0.46,0.3,Low
INT-0500,Data Science,20,43,36,0.84,7.1,0.57,3.0,0.97,18,0.36,7.2,5.1,4.5,4.3,6.5,10,2,0.76,0.3,Medium
